,Gender,Married,Dependents,Education,Self_Employed,ApplicantIncome,CoapplicantIncome,LoanAmount,Loan_Amount_Term,Credit_History,Property_Area,Loan_Status
0,0.8375871423763122,-0.4474858773510058,-0.5122354702790811,-1.1060409014915742,0.2694477149798147,0.4565051440727534,1.122886560078142,0.4897799435089026,1.3708372007180443,0.5513178464199713,0.3713906763541038,1
1,0.8375871423763122,0.04511153446658911,0.9998048147729489,1.3256732184618791,0.2694477149798147,0.4565051440727534,1.122886560078142,0.4897799435089026,-0.7294812246678164,0.5513178464199713,0.3713906763541038,0
2,0.8375871423763122,-0.44641700509969673,-0.5122354702790811,-1.0940620142011632,0.2694477149798147,0.4565051440727534,-1.3411458402979353,-2.041733258482895,1.3708372007180443,0.5513178464199713,0.3713906763541038,1
3,-1.1616640923513872,0.3414945401510131,-0.5122354702790811,0.45121444626186874,0.2694477149798147,-3.161607159858609e-16,-1.3411458402979353,0.4897799435089026,-0.7294812246678164,-1.8138357147217057,0.3713906763541038,1
4,0.8375871423763122,-0.4322162737608758,0.11660217601785675,-0.3753287767764972,0.2694477149798147,-2.3912174213334714,1.122886560078142,0.4897799435089026,-0.7294812246678164,-1.8138357147217057,0.3713906763541038,0
5,0.8375871423763122,1.4128099280345363,0.17879491026700445,1.8767020338207896,0.2694477149798147,0.4565051440727534,-1.3411458402979353,0.4897799435089026,-0.7294812246678164,0.5513178464199713,0.3713906763541038,0
6,-1.053596458041782,0.4876246465085575,-0.5122354702790811,0.031953391097480244,0.2694477149798147,0.4565051440727534,1.122886560078142,-2.041733258482895,1.3708372007180443,0.5513178464199713,-2.6925824035672523,1
7,0.8375871423763122,-0.55131918176389,0.05342225551078606,-0.5669909734230747,0.2694477149798147,0.4565051440727534,-0.1091296401098966,0.4897799435089026,-0.7294812246678164,0.5513178464199713,0.3713906763541038,1
8,-1.4858669952802035,0.5995508408242107,-0.5122354702790811,1.7329553863358564,0.2694477149798147,0.4565051440727534,1.122886560078142,0.4897799435089026,1.3708372007180443,0.5513178464199713,-2.6925824035672523,1
9,-1.4858669952802035,-0.20225604369351746,-0.5122354702790811,-1.2857242108477407,-2.6106184221768864,0.4565051440727534,-1.3411458402979353,0.4897799435089026,-0.7294812246678164,0.5513178464199713,0.3713906763541038,1
10,0.8375871423763122,-0.2947898414497055,0.03631102704012109,-0.39928655135731933,0.2694477149798147,0.4565051440727534,1.122886560078142,0.4897799435089026,-0.7294812246678164,0.5513178464199713,0.3713906763541038,1
11,-1.053596458041782,-0.2715800439927078,-0.5122354702790811,-0.6268854098751302,0.2694477149798147,0.4565051440727534,1.122886560078142,-2.041733258482895,1.3708372007180443,0.5513178464199713,0.3713906763541038,1
12,0.8375871423763122,0.09916593117564944,0.33312502858896353,0.41527778439063545,0.2694477149798147,-3.161607159858609e-16,-1.3411458402979353,0.4897799435089026,-0.7294812246678164,0.5513178464199713,0.3713906763541038,0
13,0.8375871423763122,-0.4474858773510058,-0.5122354702790811,-0.6149065225847191,2.1894918064176156,0.4565051440727534,1.122886560078142,0.4897799435089026,1.3708372007180443,0.5513178464199713,0.3713906763541038,0
14,-1.4858669952802035,-0.2184418234990553,2.037995696021949,1.7089976117550343,0.2694477149798147,0.4565051440727534,1.122886560078142,0.4897799435089026,-0.7294812246678164,0.5513178464199713,0.3713906763541038,0
15,0.8375871423763122,-0.28058911011088455,0.8915433884873956,-0.18366658012991954,-2.6106184221768864,-2.3912174213334714,-1.3411458402979353,0.4897799435089026,-0.7294812246678164,0.5513178464199713,0.3713906763541038,0
16,-1.1616640923513872,-0.5191003181887157,0.02479385403101966,-0.41126543864773046,2.1894918064176156,0.4565051440727534,1.122886560078142,-2.041733258482895,-0.7294812246678164,0.5513178464199713,0.3713906763541038,1
17,-1.4858669952802035,-0.36564080210790884,0.3117359930006323,0.12778448942076903,0.2694477149798147,-2.3912174213334714,1.122886560078142,0.4897799435089026,-0.7294812246678164,0.5513178464199713,0.3713906763541038,0
18,-1.1616640923513872,-0.1294200345685972,0.1732008548054409,0.15174226400159124,0.2694477149798147,0.4565051440727534,1.122886560078142,0.4897799435089026,-0.7294812246678164,0.5513178464199713,-2.6925824035672523,1
19,0.8375871423763122,0.020985560794183653,0.19261551787792616,0.33142557335775774,0.2694477149798147,0.4565051440727534,-1.3411458402979353,0.4897799435089026,-0.7294812246678164,0.5513178464199713,0.3713906763541038,0
20,-1.1616640923513872,-0.5249027675529652,0.022490419429199375,-0.41126543864773046,-2.6106184221768864,0.4565051440727534,1.122886560078142,0.4897799435089026,-0.7294812246678164,-1.8138357147217057,0.3713906763541038,1
21,-1.053596458041782,-0.5943794638880567,-0.043321997765665914,-1.4055130837518517,0.2694477149798147,0.4565051440727534,-0.1091296401098966,0.4897799435089026,-0.7294812246678164,0.5513178464199713,0.3713906763541038,1
22,-1.053596458041782,0.0869502483035454,-0.5122354702790811,0.15174226400159124,0.2694477149798147,-3.161607159858609e-16,-1.3411458402979353,0.4897799435089026,-0.7294812246678164,0.5513178464199713,0.3713906763541038,1
23,-1.053596458041782,-0.26928960345418834,-0.5122354702790811,-0.41126543864773046,-2.6106184221768864,0.4565051440727534,-0.1091296401098966,0.4897799435089026,1.3708372007180443,0.5513178464199713,0.3713906763541038,1
24,0.8375871423763122,-0.1724803166927639,-0.5122354702790811,-0.35137100219567496,0.2694477149798147,0.4565051440727534,-0.1091296401098966,0.4897799435089026,-0.7294812246678164,0.5513178464199713,0.3713906763541038,1
25,0.8375871423763122,-0.5543731024819161,0.4532326899695927,-0.6508431844559525,0.2694477149798147,-2.3912174213334714,-0.1091296401098966,0.4897799435089026,-0.7294812246678164,-1.8138357147217057,0.3713906763541038,0
26,-1.053596458041782,-0.4241233838581069,-0.018642341317591432,-0.41126543864773046,-2.6106184221768864,-2.3912174213334714,-1.3411458402979353,0.4897799435089026,-0.7294812246678164,-1.8138357147217057,0.3713906763541038,0
27,0.8375871423763122,-0.3405986522200956,0.22947047150705072,-0.2555399038723862,-2.6106184221768864,-2.3912174213334714,-0.1091296401098966,0.4897799435089026,1.3708372007180443,-1.8138357147217057,0.3713906763541038,0
28,0.8375871423763122,-0.17263301272866519,-0.5122354702790811,-0.13575103096827515,0.2694477149798147,-2.3912174213334714,1.122886560078142,-2.041733258482895,1.3708372007180443,0.5513178464199713,0.3713906763541038,0
29,0.8375871423763122,-0.087123232623937,-0.23911393892039015,-0.26751879116279725,0.2694477149798147,0.4565051440727534,1.122886560078142,0.4897799435089026,-0.7294812246678164,0.5513178464199713,0.3713906763541038,1
30,-1.1616640923513872,-0.32288591205554473,0.6394818306310615,-0.710737620908008,0.2694477149798147,0.4565051440727534,-0.1091296401098966,0.4897799435089026,-0.7294812246678164,0.5513178464199713,-2.6925824035672523,1
31,-1.4858669952802035,-0.5129924767526637,-0.26412265745443897,-0.6388642971655414,2.1894918064176156,0.4565051440727534,1.122886560078142,0.4897799435089026,-0.7294812246678164,-1.8138357147217057,0.3713906763541038,1
32,0.8375871423763122,0.5943591756035664,-0.5122354702790811,-0.8664631556833522,-2.6106184221768864,0.4565051440727534,-0.1091296401098966,0.4897799435089026,-0.7294812246678164,0.5513178464199713,0.3713906763541038,1
33,0.8375871423763122,-0.35968565670775815,0.2827785294348916,-0.09981436909704185,0.2694477149798147,0.4565051440727534,-1.3411458402979353,0.4897799435089026,-0.7294812246678164,0.5513178464199713,0.3713906763541038,1
34,-1.053596458041782,-0.01489800764262193,-0.1400662510421179,0.4631933335522798,0.2694477149798147,-3.161607159858609e-16,-0.1091296401098966,0.4897799435089026,-0.7294812246678164,-1.8138357147217057,0.3713906763541038,1
35,-1.4858669952802035,-0.10315631639357353,-0.5122354702790811,-0.6268854098751302,-9.095155876734873e-16,-2.3912174213334714,1.122886560078142,0.4897799435089026,-0.7294812246678164,-1.8138357147217057,0.3713906763541038,0
36,-1.4858669952802035,-0.040245549602237786,0.5299041560016108,0.6308977556180353,0.2694477149798147,0.4565051440727534,1.122886560078142,0.4897799435089026,-0.7294812246678164,0.5513178464199713,0.3713906763541038,1
37,-1.1616640923513872,-0.23997196456113865,-0.5122354702790811,-0.6149065225847191,0.2694477149798147,0.4565051440727534,1.122886560078142,0.4897799435089026,-0.7294812246678164,0.5513178464199713,0.3713906763541038,1
38,0.8375871423763122,-0.04039824563813909,-0.5122354702790811,-0.23158212929156394,0.2694477149798147,0.4565051440727534,1.122886560078142,0.4897799435089026,1.3708372007180443,0.5513178464199713,-2.6925824035672523,1
39,0.8375871423763122,1.2550749229484932,-0.5122354702790811,0.0,0.2694477149798147,0.4565051440727534,-0.1091296401098966,0.4897799435089026,-0.7294812246678164,0.5513178464199713,0.3713906763541038,1
40,0.8375871423763122,0.3069852360373192,-0.5122354702790811,0.5590244318755686,0.2694477149798147,0.4565051440727534,-1.3411458402979353,-2.041733258482895,1.3708372007180443,0.5513178464199713,-2.6925824035672523,0
41,0.8375871423763122,0.7049111055961079,-0.5122354702790811,0.0,-1.650596376457986,0.4565051440727534,1.122886560078142,-2.041733258482895,-0.7294812246678164,0.5513178464199713,0.3713906763541038,1
42,0.8375871423763122,-0.40717412387306257,-0.03213388684253882,-0.44720210051896375,0.2694477149798147,0.4565051440727534,-0.1091296401098966,-2.041733258482895,1.3708372007180443,0.5513178464199713,0.3713906763541038,1
43,0.8375871423763122,0.13779802825867843,0.9958560697412571,1.33765210575229,0.2694477149798147,-3.161607159858609e-16,1.122886560078142,0.4897799435089026,-0.7294812246678164,0.5513178464199713,0.3713906763541038,1
44,-1.053596458041782,-0.2202741759298709,-0.5122354702790811,-1.1659353379436297,-1.650596376457986,0.4565051440727534,-0.1091296401098966,0.4897799435089026,-0.7294812246678164,0.5513178464199713,0.3713906763541038,1
45,0.8375871423763122,-0.3966380973958728,0.09883282337524311,-0.2555399038723862,0.2694477149798147,0.4565051440727534,-1.3411458402979353,0.4897799435089026,1.3708372007180443,0.5513178464199713,0.3713906763541038,1
46,0.8375871423763122,-0.28883469604955475,-0.05944603997840791,-1.1060409014915742,0.2694477149798147,0.4565051440727534,-1.3411458402979353,0.4897799435089026,-0.7294812246678164,0.5513178464199713,0.3713906763541038,0
47,-1.1616640923513872,-0.3584640884205477,0.20117113211325863,-0.2555399038723862,0.2694477149798147,0.4565051440727534,-0.1091296401098966,0.4897799435089026,-0.7294812246678164,-1.8138357147217057,0.3713906763541038,1
48,0.8375871423763122,0.622607942245307,-0.5122354702790811,0.47517222084269095,0.2694477149798147,0.4565051440727534,-1.3411458402979353,0.4897799435089026,1.3708372007180443,0.5513178464199713,0.3713906763541038,1
49,-1.1616640923513872,-0.4766508202081542,-0.09926255238130141,-0.26751879116279725,0.2694477149798147,-2.3912174213334714,-1.3411458402979353,0.4897799435089026,-0.7294812246678164,-1.8138357147217057,0.3713906763541038,0
50,0.8375871423763122,-0.2932628810906925,-0.5122354702790811,-0.8544842683929411,0.2694477149798147,-2.3912174213334714,-0.1091296401098966,-2.041733258482895,1.3708372007180443,0.5513178464199713,0.3713906763541038,0
51,0.8375871423763122,0.7600343745564774,-0.5122354702790811,1.33765210575229,0.2694477149798147,0.4565051440727534,-0.1091296401098966,-2.041733258482895,1.3708372007180443,0.5513178464199713,0.3713906763541038,1
52,-1.1616640923513872,-0.2170675591759436,0.05276413133883741,-0.3753287767764972,0.2694477149798147,0.4565051440727534,1.122886560078142,0.4897799435089026,-0.7294812246678164,0.5513178464199713,0.3713906763541038,1
53,0.8375871423763122,-0.23340603501738275,0.03598196495414676,-0.45918098780937483,0.2694477149798147,0.4565051440727534,-1.3411458402979353,0.4897799435089026,1.3708372007180443,-1.8138357147217057,0.3713906763541038,1
54,0.8375871423763122,-0.5036780185626843,0.011302308506072277,-0.6149065225847191,0.2694477149798147,0.4565051440727534,1.122886560078142,0.4897799435089026,-0.7294812246678164,0.5513178464199713,0.3713906763541038,1
55,0.8375871423763122,-0.5294836486300041,-0.5122354702790811,-1.1299986760723963,0.2694477149798147,0.4565051440727534,1.122886560078142,-2.041733258482895,1.3708372007180443,-1.8138357147217057,0.3713906763541038,1
56,0.8375871423763122,-0.38335354227245966,-0.5069309891767628,-0.722716508198419,0.2694477149798147,0.4565051440727534,-1.3411458402979353,0.4897799435089026,-0.7294812246678164,0.5513178464199713,0.3713906763541038,1
57,0.8375871423763122,-0.33571237907125395,0.12943559737085547,-0.47115987509978596,0.2694477149798147,0.4565051440727534,-1.3411458402979353,0.4897799435089026,-0.7294812246678164,0.5513178464199713,0.3713906763541038,1
58,0.8375871423763122,-0.07841955857756287,-0.5122354702790811,-0.20762435471074175,0.2694477149798147,-2.3912174213334714,-1.3411458402979353,0.4897799435089026,1.3708372007180443,0.5513178464199713,0.3713906763541038,1
59,-1.1616640923513872,0.07702500596996088,-0.5122354702790811,-0.17168769283950844,0.2694477149798147,0.4565051440727534,1.122886560078142,0.4897799435089026,-0.7294812246678164,0.5513178464199713,0.3713906763541038,1
60,0.8375871423763122,-0.6727125303054239,1.2976060025797145,0.8225599522646129,0.2694477149798147,-3.161607159858609e-16,-1.3411458402979353,0.4897799435089026,-0.7294812246678164,0.5513178464199713,0.3713906763541038,1
61,0.8375871423763122,-0.4291623530428498,0.2192695468418466,0.031953391097480244,0.2694477149798147,0.4565051440727534,1.122886560078142,0.4897799435089026,-0.7294812246678164,0.5513178464199713,0.3713906763541038,1
62,-1.053596458041782,0.627188823322346,-0.5122354702790811,0.47517222084269095,0.2694477149798147,0.4565051440727534,-0.1091296401098966,0.4897799435089026,-0.7294812246678164,0.5513178464199713,0.3713906763541038,1
63,0.8375871423763122,-0.2527984315768479,-0.5122354702790811,-0.44720210051896375,0.2694477149798147,0.4565051440727534,1.122886560078142,0.4897799435089026,-0.7294812246678164,0.5513178464199713,0.3713906763541038,1
64,0.8375871423763122,1.3975403244444062,-0.5122354702790811,3.457915156155055,0.2694477149798147,0.4565051440727534,1.122886560078142,0.4897799435089026,-0.7294812246678164,0.5513178464199713,0.3713906763541038,1
65,0.8375871423763122,-0.45741111968459036,-0.5122354702790811,-0.8664631556833522,0.2694477149798147,0.4565051440727534,-0.1091296401098966,0.4897799435089026,1.3708372007180443,0.5513178464199713,0.3713906763541038,0
66,-1.1616640923513872,-0.32945184159930063,0.08665752619419304,-0.7945898319408856,0.2694477149798147,0.4565051440727534,-0.1091296401098966,0.4897799435089026,-0.7294812246678164,-1.8138357147217057,0.3713906763541038,1
67,-1.1616640923513872,-0.6308738164684675,-0.15487404491096257,-1.561238618527196,-3.570640467895787,0.4565051440727534,-0.1091296401098966,0.4897799435089026,-0.7294812246678164,0.5513178464199713,0.3713906763541038,1
68,-1.1616640923513872,-0.7971597995649836,0.44763863450802915,-0.590948748003897,0.2694477149798147,0.4565051440727534,1.122886560078142,-2.041733258482895,-0.7294812246678164,-1.8138357147217057,0.3713906763541038,1
69,0.8375871423763122,-0.30731091639361213,-0.5122354702790811,-0.24356101658197504,0.2694477149798147,0.4565051440727534,1.122886560078142,0.4897799435089026,1.3708372007180443,0.5513178464199713,0.3713906763541038,0
70,0.8375871423763122,-0.730737023947918,0.6997001923643632,-0.41126543864773046,2.1894918064176156,0.4565051440727534,-1.3411458402979353,-2.041733258482895,1.3708372007180443,0.5513178464199713,0.3713906763541038,1
71,0.8375871423763122,-0.4348121063711979,0.18373084155661934,-0.32741322761485275,0.2694477149798147,-3.161607159858609e-16,-0.1091296401098966,0.4897799435089026,-0.7294812246678164,0.5513178464199713,0.3713906763541038,1
72,-1.1616640923513872,-0.11888400809140746,-0.5122354702790811,-0.44720210051896375,0.2694477149798147,0.4565051440727534,-1.3411458402979353,0.4897799435089026,-0.7294812246678164,-1.8138357147217057,0.3713906763541038,1
73,0.8375871423763122,-0.472986115346523,0.28310759152086595,-0.13575103096827515,0.2694477149798147,0.4565051440727534,-0.1091296401098966,0.4897799435089026,-0.7294812246678164,0.5513178464199713,0.3713906763541038,1
74,0.8375871423763122,-0.538034626640477,0.26599636305020097,-0.32741322761485275,-9.095155876734873e-16,0.4565051440727534,-0.1091296401098966,-2.041733258482895,1.3708372007180443,-1.8138357147217057,0.3713906763541038,1
75,0.8375871423763122,-0.5351334019583522,0.09685845085939715,-1.1659353379436297,0.2694477149798147,0.4565051440727534,1.122886560078142,0.4897799435089026,1.3708372007180443,0.5513178464199713,0.3713906763541038,1
76,0.8375871423763122,-0.4322162737608758,0.05276413133883741,-0.5789698607134859,-0.6905743307390857,0.4565051440727534,1.122886560078142,-2.041733258482895,1.3708372007180443,0.5513178464199713,-2.6925824035672523,0
77,0.8375871423763122,-0.2631817620181363,0.5295750939156364,0.41527778439063545,-9.095155876734873e-16,0.4565051440727534,-1.3411458402979353,0.4897799435089026,-0.7294812246678164,0.5513178464199713,0.3713906763541038,1
78,0.8375871423763122,-0.5111601243218481,0.5243101005400472,-0.23158212929156394,0.2694477149798147,0.4565051440727534,1.122886560078142,0.4897799435089026,-0.7294812246678164,0.5513178464199713,0.3713906763541038,1
79,-1.053596458041782,0.49403788001641213,1.1274809041309877,2.739181918730389,0.2694477149798147,-2.3912174213334714,-1.3411458402979353,0.4897799435089026,-0.7294812246678164,0.5513178464199713,-2.6925824035672523,0
80,-1.4858669952802035,1.4612145714152487,-0.5122354702790811,1.8287864846591453,0.2694477149798147,0.4565051440727534,-1.3411458402979353,0.4897799435089026,-0.7294812246678164,0.5513178464199713,0.3713906763541038,1
81,0.8375871423763122,-0.3100594450398355,-0.5122354702790811,-0.6268854098751302,0.2694477149798147,0.4565051440727534,-1.3411458402979353,-2.041733258482895,1.3708372007180443,-1.8138357147217057,0.3713906763541038,0
82,0.8375871423763122,0.2124663898144143,-0.5122354702790811,-0.07585659451621965,0.2694477149798147,0.4565051440727534,-1.3411458402979353,0.4897799435089026,1.3708372007180443,0.5513178464199713,-2.6925824035672523,1
83,0.8375871423763122,-0.37113785940035565,0.03598196495414676,-0.5669909734230747,2.1894918064176156,-2.3912174213334714,-0.1091296401098966,0.4897799435089026,-0.7294812246678164,-1.8138357147217057,0.3713906763541038,0
84,0.8375871423763122,0.2063585483783623,-0.5122354702790811,0.0,0.2694477149798147,-3.161607159858609e-16,-0.1091296401098966,0.4897799435089026,1.3708372007180443,0.5513178464199713,0.3713906763541038,0
85,0.8375871423763122,-0.3554101677025217,-0.08445475851245672,-0.8065687192312967,0.2694477149798147,0.4565051440727534,-0.1091296401098966,0.4897799435089026,-0.7294812246678164,0.5513178464199713,0.3713906763541038,1
86,-1.1616640923513872,-0.3059366520705004,-0.5122354702790811,-0.11179325638745295,0.2694477149798147,0.4565051440727534,-0.1091296401098966,-2.041733258482895,1.3708372007180443,0.5513178464199713,0.3713906763541038,0
87,0.8375871423763122,-0.43985107555594083,0.1597093092804935,-0.2555399038723862,0.2694477149798147,0.4565051440727534,-1.3411458402979353,0.4897799435089026,1.3708372007180443,-1.8138357147217057,0.3713906763541038,1
88,0.8375871423763122,-0.5488760451894693,10.622238332834202,-0.6867798463271857,0.2694477149798147,0.4565051440727534,-0.1091296401098966,0.4897799435089026,1.3708372007180443,0.5513178464199713,0.3713906763541038,0
89,-1.053596458041782,-0.28013102200318063,-0.5122354702790811,-0.5669909734230747,-1.650596376457986,-3.161607159858609e-16,-0.1091296401098966,0.4897799435089026,1.3708372007180443,-1.8138357147217057,0.3713906763541038,1
90,-1.4858669952802035,-0.549792221404877,-0.5122354702790811,0.0,0.2694477149798147,-2.3912174213334714,-0.1091296401098966,-2.041733258482895,1.3708372007180443,-1.8138357147217057,0.3713906763541038,0
91,-1.053596458041782,0.17978943813153603,-0.5122354702790811,-0.12377214367786406,-2.6106184221768864,0.4565051440727534,-0.1091296401098966,0.4897799435089026,-0.7294812246678164,-1.8138357147217057,0.3713906763541038,1
92,-1.053596458041782,-0.3100594450398355,0.310419744656735,0.30746779877693553,0.2694477149798147,0.4565051440727534,1.122886560078142,0.4897799435089026,-0.7294812246678164,0.5513178464199713,0.3713906763541038,1
93,0.8375871423763122,-0.4661147937309645,-0.5122354702790811,-1.2138508871052742,0.2694477149798147,0.4565051440727534,-1.3411458402979353,-2.041733258482895,1.3708372007180443,0.5513178464199713,0.3713906763541038,0
94,0.8375871423763122,-0.4322162737608758,0.04717007587727386,-0.48313876239019704,0.2694477149798147,0.4565051440727534,-1.3411458402979353,0.4897799435089026,-0.7294812246678164,-1.8138357147217057,0.3713906763541038,1
95,-1.053596458041782,-0.02757177862242986,-0.2858407551287445,0.15174226400159124,0.2694477149798147,0.4565051440727534,-1.3411458402979353,0.4897799435089026,-0.7294812246678164,0.5513178464199713,0.3713906763541038,1
96,0.8375871423763122,0.04816545518461512,-0.5122354702790811,1.2897365565906458,0.2694477149798147,-3.161607159858609e-16,-0.1091296401098966,0.4897799435089026,-0.7294812246678164,0.5513178464199713,0.3713906763541038,0
97,0.8375871423763122,-0.4627554809411359,0.10080719589108907,-0.5190754242614304,0.2694477149798147,-2.3912174213334714,-0.1091296401098966,-2.041733258482895,1.3708372007180443,0.5513178464199713,0.3713906763541038,0
98,-1.4858669952802035,0.013045366927316036,3.206166101230808,4.16466950628931,0.2694477149798147,-2.3912174213334714,1.122886560078142,0.4897799435089026,-0.7294812246678164,0.5513178464199713,0.3713906763541038,0
99,-1.1616640923513872,0.9141046747808894,-0.14171156147198952,0.9303699378783127,0.2694477149798147,0.4565051440727534,-0.1091296401098966,0.4897799435089026,-0.7294812246678164,0.5513178464199713,0.3713906763541038,1
100,-1.053596458041782,-0.2616548016591233,0.4502711311958238,0.04393227838789135,0.2694477149798147,-3.161607159858609e-16,1.122886560078142,0.4897799435089026,-0.7294812246678164,0.5513178464199713,0.3713906763541038,0
101,-1.053596458041782,-0.3891559916367091,0.09422595417160254,-0.29147656574361946,2.1894918064176156,0.4565051440727534,1.122886560078142,0.4897799435089026,-0.7294812246678164,0.5513178464199713,0.3713906763541038,1
102,-1.1616640923513872,-0.37923074930312456,0.015251053537764193,0.0,0.2694477149798147,0.4565051440727534,-0.1091296401098966,0.4897799435089026,-0.7294812246678164,0.5513178464199713,0.3713906763541038,0
103,0.8375871423763122,-0.24394206149457245,-0.5122354702790811,-0.44720210051896375,0.2694477149798147,0.4565051440727534,-1.3411458402979353,0.4897799435089026,1.3708372007180443,-1.8138357147217057,0.3713906763541038,1
104,-1.1616640923513872,-0.05933255408990033,0.1732008548054409,0.45121444626186874,0.2694477149798147,0.4565051440727534,-1.3411458402979353,0.4897799435089026,-0.7294812246678164,0.5513178464199713,0.3713906763541038,0
105,-1.053596458041782,0.8122564188347221,-0.5122354702790811,1.9725331321440784,0.2694477149798147,0.4565051440727534,-0.1091296401098966,0.4897799435089026,-0.7294812246678164,0.5513178464199713,0.3713906763541038,1
106,-1.053596458041782,0.4045580029782501,0.2281542231631534,0.39132000980981324,0.2694477149798147,0.4565051440727534,-0.1091296401098966,0.4897799435089026,-0.7294812246678164,0.5513178464199713,0.3713906763541038,1
107,0.8375871423763122,-0.4876449347930478,-0.5122354702790811,-1.0102098031682853,2.1894918064176156,-2.3912174213334714,1.122886560078142,0.4897799435089026,1.3708372007180443,0.5513178464199713,0.3713906763541038,0
108,0.8375871423763122,-0.3085324846808225,-0.5122354702790811,-0.710737620908008,-9.095155876734873e-16,0.4565051440727534,-0.1091296401098966,-2.041733258482895,1.3708372007180443,0.5513178464199713,0.3713906763541038,1
109,0.8375871423763122,0.2904940641599788,-0.5122354702790811,-0.32741322761485275,0.2694477149798147,0.4565051440727534,-1.3411458402979353,0.4897799435089026,1.3708372007180443,-1.8138357147217057,0.3713906763541038,0
110,-1.053596458041782,0.6722341539132297,0.09093533331185928,0.41527778439063545,-2.6106184221768864,0.4565051440727534,-0.1091296401098966,0.4897799435089026,-0.7294812246678164,0.5513178464199713,-2.6925824035672523,1
111,-1.1616640923513872,-0.2175256472836475,-0.010086727082258943,0.24757336232488003,0.2694477149798147,0.4565051440727534,-0.1091296401098966,0.4897799435089026,-0.7294812246678164,0.5513178464199713,0.3713906763541038,1
112,0.8375871423763122,-0.20393570008843176,0.6220415400744221,0.04393227838789135,0.2694477149798147,0.4565051440727534,-1.3411458402979353,0.4897799435089026,1.3708372007180443,0.5513178464199713,0.3713906763541038,1
113,0.8375871423763122,-0.26928960345418834,-0.03213388684253882,-0.039919932644986354,0.2694477149798147,0.4565051440727534,1.122886560078142,-2.041733258482895,-0.7294812246678164,0.5513178464199713,0.3713906763541038,1
114,0.8375871423763122,-0.3456376214048385,0.23901327200030617,0.07986894025912465,0.2694477149798147,0.4565051440727534,1.122886560078142,-2.041733258482895,-0.7294812246678164,0.5513178464199713,0.3713906763541038,1
115,-1.1616640923513872,0.4431901000612791,0.5299041560016108,0.21163670045364674,0.2694477149798147,0.4565051440727534,-1.3411458402979353,0.4897799435089026,-0.7294812246678164,0.5513178464199713,0.3713906763541038,1
116,-1.1616640923513872,-0.06574578759775494,0.694435198988774,1.0621376980728348,0.2694477149798147,0.4565051440727534,1.122886560078142,0.4897799435089026,-0.7294812246678164,0.5513178464199713,0.3713906763541038,1
117,0.8375871423763122,-0.29524792955740936,0.13404246657449603,-0.3753287767764972,0.2694477149798147,0.4565051440727534,-1.3411458402979353,0.4897799435089026,-0.7294812246678164,0.5513178464199713,0.3713906763541038,1
118,0.8375871423763122,-0.4039675071191352,0.15115369504516102,-0.44720210051896375,0.2694477149798147,0.4565051440727534,-1.3411458402979353,0.4897799435089026,-0.7294812246678164,0.5513178464199713,0.3713906763541038,1
119,-1.4858669952802035,0.041599525640859204,-0.5122354702790811,-0.20762435471074175,0.2694477149798147,0.4565051440727534,-1.3411458402979353,0.4897799435089026,-0.7294812246678164,-1.8138357147217057,-2.6925824035672523,1
120,-1.053596458041782,1.9701504590742827,-0.5122354702790811,4.224563942741365,0.2694477149798147,0.4565051440727534,-0.1091296401098966,0.4897799435089026,-0.7294812246678164,0.5513178464199713,0.3713906763541038,0
121,0.8375871423763122,-0.35983835274365944,0.08007628447470651,-0.29147656574361946,0.2694477149798147,-2.3912174213334714,1.122886560078142,0.4897799435089026,-0.7294812246678164,-1.8138357147217057,0.3713906763541038,0
122,0.8375871423763122,0.05961765787721264,-0.5122354702790811,-0.039919932644986354,0.2694477149798147,0.4565051440727534,-0.1091296401098966,0.4897799435089026,-0.7294812246678164,0.5513178464199713,0.3713906763541038,1
123,0.8375871423763122,0.6977343919087469,0.03598196495414676,0.9303699378783127,0.2694477149798147,0.4565051440727534,-1.3411458402979353,-2.041733258482895,1.3708372007180443,0.5513178464199713,0.3713906763541038,0
124,0.8375871423763122,-0.4710010668798061,0.014263867279841214,-0.18366658012991954,0.2694477149798147,0.4565051440727534,1.122886560078142,0.4897799435089026,1.3708372007180443,-1.8138357147217057,0.3713906763541038,1
125,-1.1616640923513872,0.3286680731353039,-0.5122354702790811,0.47517222084269095,0.2694477149798147,0.4565051440727534,-0.1091296401098966,0.4897799435089026,-0.7294812246678164,0.5513178464199713,0.3713906763541038,1
126,0.8375871423763122,-0.4474858773510058,0.7368842080794621,-0.32741322761485275,0.2694477149798147,0.4565051440727534,-0.1091296401098966,0.4897799435089026,-0.7294812246678164,0.5513178464199713,0.3713906763541038,1
127,0.8375871423763122,-0.20317221990892526,-0.5122354702790811,-0.27949767845320833,0.2694477149798147,-3.161607159858609e-16,-1.3411458402979353,-2.041733258482895,-0.7294812246678164,-1.8138357147217057,0.3713906763541038,1
128,0.8375871423763122,-0.36854202679003356,-0.29406730727810265,-0.5430331988422525,0.2694477149798147,-3.161607159858609e-16,1.122886560078142,-2.041733258482895,-0.7294812246678164,-1.8138357147217057,0.3713906763541038,1
129,0.8375871423763122,0.3772254125519174,0.09093533331185928,0.39132000980981324,0.2694477149798147,0.4565051440727534,-1.3411458402979353,0.4897799435089026,-0.7294812246678164,0.5513178464199713,0.3713906763541038,1
130,0.8375871423763122,-0.18927688064190692,-0.5122354702790811,-0.32741322761485275,0.2694477149798147,0.4565051440727534,-1.3411458402979353,0.4897799435089026,1.3708372007180443,0.5513178464199713,0.3713906763541038,1
131,0.8375871423763122,-0.08330583172640449,-0.5122354702790811,-1.1898931125244518,0.2694477149798147,0.4565051440727534,-1.3411458402979353,0.4897799435089026,1.3708372007180443,-1.8138357147217057,0.3713906763541038,1
132,0.8375871423763122,-0.5366603623173652,1.1538058710089338,-0.962294254006641,0.2694477149798147,-3.161607159858609e-16,-1.3411458402979353,0.4897799435089026,1.3708372007180443,0.5513178464199713,0.3713906763541038,0
133,-1.1616640923513872,-0.41297657323731196,-0.5122354702790811,-0.4951176496806082,0.2694477149798147,-2.3912174213334714,1.122886560078142,0.4897799435089026,-0.7294812246678164,0.5513178464199713,-2.6925824035672523,0
134,-1.053596458041782,-0.40931186837568073,0.09389689208562822,-0.38730766406690825,0.2694477149798147,0.4565051440727534,1.122886560078142,0.4897799435089026,-0.7294812246678164,0.5513178464199713,0.3713906763541038,1
135,0.8375871423763122,-0.472986115346523,-0.013377347942002208,-0.6268854098751302,0.2694477149798147,0.4565051440727534,-0.1091296401098966,0.4897799435089026,-0.7294812246678164,-1.8138357147217057,0.3713906763541038,1
136,0.8375871423763122,-0.4506924941049331,-0.5122354702790811,-1.0581253523299299,0.2694477149798147,0.4565051440727534,-0.1091296401098966,0.4897799435089026,1.3708372007180443,0.5513178464199713,0.3713906763541038,1
137,0.8375871423763122,-0.4784831726389698,-0.01140297542615625,-0.5190754242614304,0.2694477149798147,0.4565051440727534,-0.1091296401098966,0.4897799435089026,-0.7294812246678164,0.5513178464199713,0.3713906763541038,1
138,0.8375871423763122,-0.45450989500246564,0.2554663762990225,0.4032988971002243,0.2694477149798147,-2.3912174213334714,-0.1091296401098966,0.4897799435089026,-0.7294812246678164,-1.8138357147217057,0.3713906763541038,0
139,0.8375871423763122,-0.2184418234990553,0.23638077531251156,-0.039919932644986354,0.2694477149798147,0.4565051440727534,1.122886560078142,-2.041733258482895,1.3708372007180443,0.5513178464199713,0.3713906763541038,1
140,0.8375871423763122,-0.485201798218627,0.15674775050672457,-0.44720210051896375,0.2694477149798147,0.4565051440727534,-1.3411458402979353,0.4897799435089026,-0.7294812246678164,-1.8138357147217057,0.3713906763541038,1
141,-1.1616640923513872,-0.07750338236215508,-0.5122354702790811,0.22361558774405785,0.2694477149798147,-2.3912174213334714,1.122886560078142,0.4897799435089026,1.3708372007180443,0.5513178464199713,0.3713906763541038,1
142,0.8375871423763122,-0.15614184085132476,-0.5122354702790811,-0.32741322761485275,0.2694477149798147,0.4565051440727534,1.122886560078142,-2.041733258482895,1.3708372007180443,-1.8138357147217057,0.3713906763541038,1
143,-1.4858669952802035,0.041599525640859204,-0.5122354702790811,-0.23158212929156394,0.2694477149798147,0.4565051440727534,-0.1091296401098966,0.4897799435089026,-0.7294812246678164,0.5513178464199713,0.3713906763541038,1
144,0.8375871423763122,-0.22225922439658782,0.32062066932193917,-1.1060409014915742,0.2694477149798147,0.4565051440727534,-1.3411458402979353,0.4897799435089026,1.3708372007180443,-1.8138357147217057,0.3713906763541038,1
145,-1.053596458041782,1.0031264637113475,-0.5122354702790811,4.176648393579721,0.2694477149798147,0.4565051440727534,1.122886560078142,-2.041733258482895,-0.7294812246678164,0.5513178464199713,0.3713906763541038,1
146,0.8375871423763122,-0.37419178011838167,0.1732008548054409,-0.32741322761485275,0.2694477149798147,0.4565051440727534,-1.3411458402979353,0.4897799435089026,1.3708372007180443,0.5513178464199713,0.3713906763541038,1
147,-1.053596458041782,-0.40641064369355606,-0.00482173370666972,0.5111088827139243,0.2694477149798147,-3.161607159858609e-16,1.122886560078142,0.4897799435089026,1.3708372007180443,-1.8138357147217057,-2.6925824035672523,0
148,-1.4858669952802035,-0.2914305286598769,-0.5122354702790811,-0.7945898319408856,-2.6106184221768864,0.4565051440727534,-1.3411458402979353,0.4897799435089026,-0.7294812246678164,-1.8138357147217057,0.3713906763541038,0
149,-1.1616640923513872,0.18360683902906852,-0.5122354702790811,0.0,0.2694477149798147,-2.3912174213334714,-1.3411458402979353,0.4897799435089026,-0.7294812246678164,0.5513178464199713,-2.6925824035672523,0
150,0.8375871423763122,-0.3076163084654147,0.4144033638246222,-0.41126543864773046,0.2694477149798147,-3.161607159858609e-16,1.122886560078142,-2.041733258482895,-0.7294812246678164,0.5513178464199713,0.3713906763541038,1
151,0.8375871423763122,0.0403779573536488,0.8589662419759372,0.33142557335775774,0.2694477149798147,0.4565051440727534,1.122886560078142,0.4897799435089026,-0.7294812246678164,0.5513178464199713,0.3713906763541038,1
152,-1.4858669952802035,-0.3584640884205477,-0.5122354702790811,1.2897365565906458,0.2694477149798147,0.4565051440727534,-1.3411458402979353,-2.041733258482895,1.3708372007180443,0.5513178464199713,0.3713906763541038,1
153,-1.1616640923513872,0.14543283005374344,-0.18317338430475466,0.47517222084269095,0.2694477149798147,0.4565051440727534,-1.3411458402979353,0.4897799435089026,-0.7294812246678164,-1.8138357147217057,-2.6925824035672523,0
154,0.8375871423763122,-0.465351313551458,0.5848575243593233,0.29548891148652445,0.2694477149798147,0.4565051440727534,1.122886560078142,0.4897799435089026,-0.7294812246678164,0.5513178464199713,0.3713906763541038,1
155,0.8375871423763122,-0.36961089904134264,0.5197032313364066,0.0,0.2694477149798147,-2.3912174213334714,-0.1091296401098966,0.4897799435089026,-0.7294812246678164,-1.8138357147217057,0.3713906763541038,0
156,0.8375871423763122,-0.40182976261651704,0.2291414094210764,-0.30345545303403054,0.2694477149798147,0.4565051440727534,1.122886560078142,0.4897799435089026,-0.7294812246678164,0.5513178464199713,0.3713906763541038,1
157,0.8375871423763122,-0.36884741886183614,0.20775237383274517,0.06789005296871355,0.2694477149798147,0.4565051440727534,-1.3411458402979353,0.4897799435089026,-0.7294812246678164,0.5513178464199713,0.3713906763541038,1
158,-1.053596458041782,-0.44870744563821624,0.2692869839099442,0.0,0.2694477149798147,0.4565051440727534,-1.3411458402979353,0.4897799435089026,-0.7294812246678164,-1.8138357147217057,0.3713906763541038,1
159,0.8375871423763122,-0.4474858773510058,-0.5122354702790811,-0.6508431844559525,0.2694477149798147,-3.161607159858609e-16,-0.1091296401098966,-2.041733258482895,1.3708372007180443,0.5513178464199713,-2.6925824035672523,1
160,0.8375871423763122,-0.17263301272866519,0.15049557087321236,0.5590244318755686,0.2694477149798147,0.4565051440727534,-1.3411458402979353,0.4897799435089026,-0.7294812246678164,-1.8138357147217057,0.3713906763541038,1
161,0.8375871423763122,0.340425667899704,-0.5122354702790811,-0.5190754242614304,0.2694477149798147,-2.3912174213334714,-0.1091296401098966,0.4897799435089026,-0.7294812246678164,-1.8138357147217057,0.3713906763541038,0
162,-1.4858669952802035,-0.15492027256411436,-0.10090786281117305,-0.44720210051896375,0.2694477149798147,0.4565051440727534,-0.1091296401098966,0.4897799435089026,-0.7294812246678164,0.5513178464199713,0.3713906763541038,1
163,-1.1616640923513872,1.8429546611684995,-0.5122354702790811,3.0266752137002553,0.2694477149798147,0.4565051440727534,-1.3411458402979353,0.4897799435089026,-0.7294812246678164,0.5513178464199713,-2.6925824035672523,1
164,0.8375871423763122,-0.36609889021561276,-0.03213388684253882,-0.6268854098751302,0.2694477149798147,0.4565051440727534,-0.1091296401098966,0.4897799435089026,-0.7294812246678164,0.5513178464199713,0.3713906763541038,1
165,0.8375871423763122,-0.4627554809411359,-0.5122354702790811,-0.8664631556833522,0.2694477149798147,-3.161607159858609e-16,-0.1091296401098966,0.4897799435089026,-0.7294812246678164,0.5513178464199713,0.3713906763541038,1
166,0.8375871423763122,-0.30731091639361213,-0.5122354702790811,-0.14772991825868625,0.2694477149798147,0.4565051440727534,-1.3411458402979353,-2.041733258482895,1.3708372007180443,0.5513178464199713,0.3713906763541038,0
167,0.8375871423763122,1.4610618753793474,-0.5122354702790811,1.1340110218153014,0.2694477149798147,-2.3912174213334714,1.122886560078142,0.4897799435089026,1.3708372007180443,0.5513178464199713,0.3713906763541038,0
168,0.8375871423763122,-0.6001819132523062,0.08007628447470651,-0.5310543115518415,0.2694477149798147,-2.3912174213334714,1.122886560078142,-2.041733258482895,1.3708372007180443,0.5513178464199713,0.3713906763541038,0
169,-1.1616640923513872,-0.3468591896920489,-0.3605378486449166,-0.47115987509978596,-4.146653695327127,0.4565051440727534,-0.1091296401098966,0.4897799435089026,-0.7294812246678164,0.5513178464199713,0.3713906763541038,1
170,0.8375871423763122,-0.41419814152452233,-0.5122354702790811,-0.9263575921354077,0.2694477149798147,0.4565051440727534,1.122886560078142,0.4897799435089026,1.3708372007180443,0.5513178464199713,0.3713906763541038,1
171,0.8375871423763122,0.4787682764262821,-0.5122354702790811,0.7506866285221462,0.2694477149798147,0.4565051440727534,-0.1091296401098966,0.4897799435089026,1.3708372007180443,0.5513178464199713,0.3713906763541038,1
172,-1.4858669952802035,-0.7657044161693157,13.19879446601318,2.4277308491797003,-2.6106184221768864,-3.161607159858609e-16,-0.1091296401098966,-2.041733258482895,1.3708372007180443,0.5513178464199713,0.3713906763541038,0
173,-1.1616640923513872,-0.2793675418236741,0.01097324642009795,0.0,0.2694477149798147,0.4565051440727534,-1.3411458402979353,0.4897799435089026,-0.7294812246678164,-1.8138357147217057,0.3713906763541038,1
174,-1.1616640923513872,0.1251242572788705,0.04552476544740223,0.7506866285221462,0.2694477149798147,0.4565051440727534,1.122886560078142,0.4897799435089026,-0.7294812246678164,0.5513178464199713,0.3713906763541038,1
175,0.8375871423763122,-0.5010821859523622,0.5529385020198136,0.36736223522899103,0.2694477149798147,-2.3912174213334714,1.122886560078142,-2.041733258482895,-0.7294812246678164,-1.8138357147217057,0.3713906763541038,0
176,-1.1616640923513872,-0.164387426789995,-0.5122354702790811,-0.13575103096827515,0.2694477149798147,0.4565051440727534,-1.3411458402979353,0.4897799435089026,1.3708372007180443,0.5513178464199713,0.3713906763541038,1
177,0.8375871423763122,-0.2636398501258402,0.1458887016695718,-0.32741322761485275,0.2694477149798147,0.4565051440727534,-1.3411458402979353,0.4897799435089026,-0.7294812246678164,0.5513178464199713,0.3713906763541038,1
178,0.8375871423763122,-0.3393770839328852,0.4966688853182038,0.29548891148652445,0.2694477149798147,0.4565051440727534,-0.1091296401098966,0.4897799435089026,-0.7294812246678164,0.5513178464199713,0.3713906763541038,1
179,0.8375871423763122,-0.3764822206569012,1.363747481860554,0.09184782754953574,-4.530662513614687,0.4565051440727534,-0.1091296401098966,0.4897799435089026,1.3708372007180443,0.5513178464199713,0.3713906763541038,1
180,-1.4858669952802035,0.2549158877949758,-0.5122354702790811,-0.26751879116279725,-4.530662513614687,0.4565051440727534,-0.1091296401098966,0.4897799435089026,-0.7294812246678164,-1.8138357147217057,-2.6925824035672523,1
181,0.8375871423763122,0.1251242572788705,-0.5122354702790811,-0.23158212929156394,0.2694477149798147,0.4565051440727534,1.122886560078142,0.4897799435089026,-0.7294812246678164,0.5513178464199713,0.3713906763541038,1
182,0.8375871423763122,8.842082858776404,-0.5122354702790811,4.104775069837254,-2.6106184221768864,0.4565051440727534,-0.1091296401098966,0.4897799435089026,-0.7294812246678164,0.5513178464199713,0.3713906763541038,1
183,0.8375871423763122,-0.23569647555590223,0.3660312371863962,0.17570003858241345,0.2694477149798147,0.4565051440727534,1.122886560078142,0.4897799435089026,-0.7294812246678164,0.5513178464199713,0.3713906763541038,1
184,0.8375871423763122,0.0869502483035454,-0.5122354702790811,-0.08783548180663076,0.2694477149798147,0.4565051440727534,-1.3411458402979353,0.4897799435089026,1.3708372007180443,0.5513178464199713,0.3713906763541038,1
185,0.8375871423763122,-0.3010503789216588,-0.5122354702790811,-1.4654075202039072,-3.570640467895787,0.4565051440727534,1.122886560078142,0.4897799435089026,-0.7294812246678164,0.5513178464199713,-2.6925824035672523,1
186,-1.053596458041782,-0.23875039627392824,-0.5122354702790811,-1.0221886904586965,0.2694477149798147,0.4565051440727534,1.122886560078142,-2.041733258482895,1.3708372007180443,-1.8138357147217057,-2.6925824035672523,0
187,-1.1616640923513872,0.4431901000612791,-0.5122354702790811,1.1819265709769458,0.2694477149798147,0.4565051440727534,1.122886560078142,0.4897799435089026,-0.7294812246678164,0.5513178464199713,0.3713906763541038,1
188,0.8375871423763122,-0.21951069575036442,0.5651137992008637,0.714749966650913,0.2694477149798147,0.4565051440727534,1.122886560078142,0.4897799435089026,-0.7294812246678164,0.5513178464199713,0.3713906763541038,1
189,-1.4858669952802035,7.074778939254753,-0.5122354702790811,6.620341400823585,-0.6905743307390857,0.4565051440727534,-0.1091296401098966,0.4897799435089026,-0.7294812246678164,0.5513178464199713,0.3713906763541038,1
190,-1.1616640923513872,-0.2204268719657722,-0.04792886696930648,0.11580560213035794,0.2694477149798147,0.4565051440727534,-1.3411458402979353,0.4897799435089026,-0.7294812246678164,-1.8138357147217057,0.3713906763541038,1
191,0.8375871423763122,-0.14713277473314804,-0.5122354702790811,-0.32741322761485275,0.2694477149798147,-3.161607159858609e-16,-1.3411458402979353,0.4897799435089026,-0.7294812246678164,-1.8138357147217057,0.3713906763541038,1
192,0.8375871423763122,-0.4661147937309645,-0.5122354702790811,-1.6570697168504849,0.2694477149798147,0.4565051440727534,-0.1091296401098966,-2.041733258482895,1.3708372007180443,0.5513178464199713,0.3713906763541038,0
193,0.8375871423763122,-0.3902248638880182,0.06362318017599018,-0.5070965369710192,0.2694477149798147,0.4565051440727534,1.122886560078142,0.4897799435089026,-0.7294812246678164,-1.8138357147217057,0.3713906763541038,1
194,0.8375871423763122,-0.5500976134766796,-0.07458289593322692,-0.5669909734230747,-9.095155876734873e-16,-2.3912174213334714,-0.1091296401098966,0.4897799435089026,-0.7294812246678164,0.5513178464199713,0.3713906763541038,0
195,-1.053596458041782,4.930315811056891,-0.5122354702790811,0.05591116567830245,0.2694477149798147,0.4565051440727534,1.122886560078142,0.4897799435089026,1.3708372007180443,0.5513178464199713,0.3713906763541038,1
196,-1.053596458041782,-0.36319766553348803,-0.17330152172552488,-0.5669909734230747,0.2694477149798147,0.4565051440727534,-0.1091296401098966,0.4897799435089026,-0.7294812246678164,0.5513178464199713,0.3713906763541038,1
197,0.8375871423763122,0.008769877922079625,-0.5122354702790811,-0.26751879116279725,0.2694477149798147,0.4565051440727534,-1.3411458402979353,0.4897799435089026,-0.7294812246678164,0.5513178464199713,0.3713906763541038,1
198,0.8375871423763122,-0.2654722025566558,-0.5122354702790811,-0.6508431844559525,0.2694477149798147,-3.161607159858609e-16,-1.3411458402979353,-2.041733258482895,1.3708372007180443,0.5513178464199713,0.3713906763541038,1
199,-1.053596458041782,-0.2566158324743804,-0.5122354702790811,-0.3753287767764972,0.2694477149798147,0.4565051440727534,1.122886560078142,0.4897799435089026,-0.7294812246678164,0.5513178464199713,0.3713906763541038,1
200,0.8375871423763122,-0.37113785940035565,0.6118406154092181,-1.0940620142011632,-2.6106184221768864,0.4565051440727534,1.122886560078142,0.4897799435089026,-0.7294812246678164,0.5513178464199713,0.3713906763541038,1
201,-1.053596458041782,-0.11674626358878927,-0.5122354702790811,-0.14772991825868625,0.2694477149798147,0.4565051440727534,-0.1091296401098966,-2.041733258482895,-0.7294812246678164,0.5513178464199713,0.3713906763541038,1
202,0.8375871423763122,-0.4627554809411359,0.7382004564233594,0.0,-2.6106184221768864,0.4565051440727534,-0.1091296401098966,0.4897799435089026,-0.7294812246678164,-1.8138357147217057,0.3713906763541038,0
203,0.8375871423763122,-0.11231807854765155,-0.5122354702790811,-0.6149065225847191,-9.095155876734873e-16,0.4565051440727534,-0.1091296401098966,0.4897799435089026,-0.7294812246678164,-1.8138357147217057,-2.6925824035672523,1
204,-1.4858669952802035,-0.07628181407494466,-0.5122354702790811,-0.23158212929156394,0.2694477149798147,-3.161607159858609e-16,1.122886560078142,0.4897799435089026,-0.7294812246678164,-1.8138357147217057,0.3713906763541038,0
205,0.8375871423763122,-0.4627554809411359,0.20084207002728433,-0.38730766406690825,0.2694477149798147,0.4565051440727534,1.122886560078142,0.4897799435089026,-0.7294812246678164,0.5513178464199713,0.3713906763541038,1
206,0.8375871423763122,-0.42213833539138995,0.9027314994105227,-0.3154343403244417,0.2694477149798147,0.4565051440727534,-1.3411458402979353,0.4897799435089026,-0.7294812246678164,0.5513178464199713,0.3713906763541038,1
207,0.8375871423763122,-0.2184418234990553,0.310419744656735,-0.08783548180663076,0.2694477149798147,0.4565051440727534,-1.3411458402979353,0.4897799435089026,1.3708372007180443,0.5513178464199713,0.3713906763541038,1
208,0.8375871423763122,-0.23997196456113865,0.5736694134361962,-0.06387770722580856,-2.6106184221768864,0.4565051440727534,-1.3411458402979353,0.4897799435089026,-0.7294812246678164,0.5513178464199713,0.3713906763541038,1
209,0.8375871423763122,-0.3091432688244277,0.9412317634695189,-0.29147656574361946,0.2694477149798147,0.4565051440727534,1.122886560078142,0.4897799435089026,-0.7294812246678164,-1.8138357147217057,0.3713906763541038,1
210,-1.1616640923513872,-0.5169625736860974,0.020516046913353417,-0.5550120861326636,0.2694477149798147,0.4565051440727534,-1.3411458402979353,0.4897799435089026,-0.7294812246678164,0.5513178464199713,0.3713906763541038,1
211,0.8375871423763122,-0.41389274945271975,-0.5122354702790811,-0.8065687192312967,-9.095155876734873e-16,-2.3912174213334714,-0.1091296401098966,-2.041733258482895,1.3708372007180443,-1.8138357147217057,0.3713906763541038,0
212,-1.1616640923513872,-0.32899375349159676,-0.3529694206675071,-0.14772991825868625,0.2694477149798147,-3.161607159858609e-16,1.122886560078142,0.4897799435089026,-0.7294812246678164,0.5513178464199713,0.3713906763541038,1
213,0.8375871423763122,-0.06574578759775494,-0.5122354702790811,-0.18366658012991954,0.2694477149798147,0.4565051440727534,-1.3411458402979353,-2.041733258482895,1.3708372007180443,0.5513178464199713,0.3713906763541038,1
214,0.8375871423763122,0.8504304278100472,-0.5122354702790811,-0.7706320573600635,0.2694477149798147,0.4565051440727534,-0.1091296401098966,0.4897799435089026,1.3708372007180443,0.5513178464199713,-2.6925824035672523,0
215,-1.053596458041782,0.09962401928335334,0.8862783951118063,2.1881531033714783,0.2694477149798147,-3.161607159858609e-16,-0.1091296401098966,0.4897799435089026,-0.7294812246678164,0.5513178464199713,0.3713906763541038,1
216,-1.4858669952802035,-0.4250395600735147,0.00998606016217497,0.30746779877693553,0.2694477149798147,0.4565051440727534,-1.3411458402979353,0.4897799435089026,-0.7294812246678164,-1.8138357147217057,0.3713906763541038,0
217,0.8375871423763122,-0.05811098580268993,-0.5122354702790811,-0.35137100219567496,0.2694477149798147,0.4565051440727534,1.122886560078142,0.4897799435089026,1.3708372007180443,0.5513178464199713,0.3713906763541038,1
218,-1.053596458041782,0.09687549063712993,0.1472049500134691,1.2298421201385903,0.2694477149798147,0.4565051440727534,1.122886560078142,0.4897799435089026,-0.7294812246678164,0.5513178464199713,0.3713906763541038,1
219,0.8375871423763122,-0.24195701302785555,-0.5122354702790811,-0.4352232132285527,0.2694477149798147,0.4565051440727534,1.122886560078142,-2.041733258482895,1.3708372007180443,0.5513178464199713,0.3713906763541038,1
220,0.8375871423763122,-0.45680033554098515,0.584528462273349,-0.21960324200115286,0.2694477149798147,0.4565051440727534,-1.3411458402979353,0.4897799435089026,-0.7294812246678164,0.5513178464199713,0.3713906763541038,1
221,0.8375871423763122,-0.19401045775484724,-0.5122354702790811,-0.9143787048449966,0.2694477149798147,0.4565051440727534,1.122886560078142,-2.041733258482895,1.3708372007180443,0.5513178464199713,0.3713906763541038,1
222,0.8375871423763122,-0.5149775252193806,0.18998302119013155,-0.710737620908008,0.2694477149798147,-3.161607159858609e-16,-0.1091296401098966,0.4897799435089026,-0.7294812246678164,0.5513178464199713,0.3713906763541038,1
223,-1.1616640923513872,0.6523836692460606,-0.5122354702790811,-0.42324432593814154,0.2694477149798147,0.4565051440727534,-0.1091296401098966,0.4897799435089026,-0.7294812246678164,0.5513178464199713,0.3713906763541038,1
224,-1.053596458041782,-0.28852930397775217,-0.5122354702790811,-0.42324432593814154,0.2694477149798147,-3.161607159858609e-16,1.122886560078142,-2.041733258482895,1.3708372007180443,0.5513178464199713,0.3713906763541038,1
225,-1.1616640923513872,-0.35586825581022563,-0.051548549915024076,-0.41126543864773046,0.2694477149798147,0.4565051440727534,-0.1091296401098966,0.4897799435089026,-0.7294812246678164,0.5513178464199713,0.3713906763541038,1
226,0.8375871423763122,-0.49863904937794146,-0.5122354702790811,-0.9263575921354077,0.2694477149798147,0.4565051440727534,1.122886560078142,-2.041733258482895,1.3708372007180443,-1.8138357147217057,0.3713906763541038,1
227,-1.053596458041782,-0.3024246432447705,0.17188460646154358,0.17570003858241345,0.2694477149798147,0.4565051440727534,1.122886560078142,0.4897799435089026,-0.7294812246678164,0.5513178464199713,-2.6925824035672523,1
228,0.8375871423763122,0.7612559428436878,-0.5122354702790811,0.47517222084269095,0.2694477149798147,-2.3912174213334714,-0.1091296401098966,0.4897799435089026,1.3708372007180443,0.5513178464199713,-2.6925824035672523,0
229,0.8375871423763122,-0.33296385042503057,-0.5122354702790811,0.27153113690570224,0.2694477149798147,0.4565051440727534,-1.3411458402979353,0.4897799435089026,-0.7294812246678164,0.5513178464199713,0.3713906763541038,0
230,0.8375871423763122,-0.7263088389067803,1.2304773370409519,0.24757336232488003,0.2694477149798147,0.4565051440727534,-1.3411458402979353,0.4897799435089026,-0.7294812246678164,0.5513178464199713,-2.6925824035672523,1
231,0.8375871423763122,0.3279045929557974,-0.1798827634450114,0.33142557335775774,-9.095155876734873e-16,0.4565051440727534,1.122886560078142,0.4897799435089026,-0.7294812246678164,0.5513178464199713,0.3713906763541038,1
232,0.8375871423763122,0.13016322646361342,0.9409027013835445,0.7387077412317351,0.2694477149798147,-2.3912174213334714,-1.3411458402979353,0.4897799435089026,1.3708372007180443,0.5513178464199713,0.3713906763541038,0
233,-1.4858669952802035,-0.16621977922081058,-0.4500427360299334,-0.27949767845320833,0.2694477149798147,0.4565051440727534,1.122886560078142,0.4897799435089026,-0.7294812246678164,0.5513178464199713,0.3713906763541038,1
234,-1.053596458041782,-0.12590802574286727,-0.5122354702790811,-0.7945898319408856,0.2694477149798147,0.4565051440727534,-1.3411458402979353,-2.041733258482895,1.3708372007180443,-1.8138357147217057,0.3713906763541038,0
235,-1.1616640923513872,0.3923423201061461,-0.5122354702790811,0.6308977556180353,0.2694477149798147,0.4565051440727534,1.122886560078142,0.4897799435089026,-0.7294812246678164,0.5513178464199713,0.3713906763541038,1
236,-1.1616640923513872,-0.35999104877956073,2.155141798628809,0.6308977556180353,0.2694477149798147,0.4565051440727534,-0.1091296401098966,0.4897799435089026,-0.7294812246678164,0.5513178464199713,0.3713906763541038,1
237,-1.053596458041782,-0.5810949087646436,0.08106347073262948,-0.6149065225847191,0.2694477149798147,0.4565051440727534,-0.1091296401098966,0.4897799435089026,-0.7294812246678164,0.5513178464199713,0.3713906763541038,1
238,0.8375871423763122,-0.16591438714900797,-0.27004577500197685,-0.722716508198419,0.2694477149798147,0.4565051440727534,1.122886560078142,0.4897799435089026,-0.7294812246678164,-1.8138357147217057,-2.6925824035672523,0
239,-1.4858669952802035,-0.3447214451894307,-0.5122354702790811,-0.8784420429737634,0.2694477149798147,0.4565051440727534,1.122886560078142,0.4897799435089026,-0.7294812246678164,-1.8138357147217057,0.3713906763541038,1
240,0.8375871423763122,-0.4308420094377641,0.6226996642463708,0.21163670045364674,-2.6106184221768864,-2.3912174213334714,-1.3411458402979353,0.4897799435089026,-0.7294812246678164,-1.8138357147217057,-2.6925824035672523,0
241,-1.4858669952802035,-0.11292886269125675,-0.5122354702790811,-0.5669909734230747,0.2694477149798147,0.4565051440727534,1.122886560078142,0.4897799435089026,-0.7294812246678164,0.5513178464199713,0.3713906763541038,1
242,-1.1616640923513872,-0.11033303008093465,-0.05582635703269032,0.031953391097480244,0.2694477149798147,0.4565051440727534,1.122886560078142,0.4897799435089026,-0.7294812246678164,0.5513178464199713,0.3713906763541038,1
243,0.8375871423763122,0.382111685700759,-0.5122354702790811,1.5293143023988678,0.2694477149798147,0.4565051440727534,-0.1091296401098966,0.4897799435089026,-0.7294812246678164,0.5513178464199713,0.3713906763541038,0
244,-1.053596458041782,-0.4966540009112245,-0.5122354702790811,-0.9742731412970521,-0.6905743307390857,-2.3912174213334714,-1.3411458402979353,0.4897799435089026,-0.7294812246678164,0.5513178464199713,-2.6925824035672523,0
245,0.8375871423763122,0.1260404334942783,-0.5122354702790811,0.15174226400159124,0.2694477149798147,-3.161607159858609e-16,-0.1091296401098966,0.4897799435089026,-0.7294812246678164,0.5513178464199713,0.3713906763541038,1
246,0.8375871423763122,-0.5606336399538694,0.6529733761560088,-0.19564546742033065,0.2694477149798147,0.4565051440727534,1.122886560078142,0.4897799435089026,-0.7294812246678164,0.5513178464199713,0.3713906763541038,1
247,0.8375871423763122,-0.8063215617190617,0.08007628447470651,-0.14772991825868625,0.2694477149798147,0.4565051440727534,-1.3411458402979353,0.4897799435089026,-0.7294812246678164,0.5513178464199713,0.3713906763541038,0
248,0.8375871423763122,-0.22958863411985023,-0.24898580149961996,-0.42324432593814154,0.2694477149798147,0.4565051440727534,1.122886560078142,0.4897799435089026,-0.7294812246678164,0.5513178464199713,0.3713906763541038,1
249,-1.4858669952802035,-0.3456376214048385,0.8040128736182247,0.39132000980981324,-0.6905743307390857,-2.3912174213334714,1.122886560078142,0.4897799435089026,-0.7294812246678164,0.5513178464199713,0.3713906763541038,0
250,-1.053596458041782,0.13657645997146803,-0.5122354702790811,0.33142557335775774,0.2694477149798147,0.4565051440727534,1.122886560078142,0.4897799435089026,-0.7294812246678164,0.5513178464199713,0.3713906763541038,1
251,0.8375871423763122,-0.45924347211540595,-0.34605911686204627,-0.20762435471074175,0.2694477149798147,0.4565051440727534,1.122886560078142,-2.041733258482895,-0.7294812246678164,0.5513178464199713,0.3713906763541038,1
252,0.8375871423763122,-0.29127783262397555,0.5506350674179933,0.05591116567830245,0.2694477149798147,-2.3912174213334714,-1.3411458402979353,0.4897799435089026,-0.7294812246678164,-1.8138357147217057,0.3713906763541038,0
253,0.8375871423763122,-0.16499821093360018,-0.5122354702790811,0.07986894025912465,0.2694477149798147,0.4565051440727534,-1.3411458402979353,-2.041733258482895,1.3708372007180443,-1.8138357147217057,0.3713906763541038,1
254,-1.053596458041782,-0.35754791220513993,-0.09103600023194325,-0.3154343403244417,0.2694477149798147,-2.3912174213334714,1.122886560078142,0.4897799435089026,-0.7294812246678164,0.5513178464199713,0.3713906763541038,0
255,0.8375871423763122,-0.24653789410489457,-0.26412265745443897,0.15174226400159124,0.2694477149798147,0.4565051440727534,-0.1091296401098966,0.4897799435089026,-0.7294812246678164,0.5513178464199713,0.3713906763541038,1
256,0.8375871423763122,-0.1294200345685972,-0.5122354702790811,-0.7586531700696524,0.2694477149798147,0.4565051440727534,-1.3411458402979353,-2.041733258482895,-0.7294812246678164,0.5513178464199713,0.3713906763541038,0
257,0.8375871423763122,-0.3457903174407398,0.16694867517192868,-0.5190754242614304,0.2694477149798147,-2.3912174213334714,-0.1091296401098966,0.4897799435089026,-0.7294812246678164,0.5513178464199713,0.3713906763541038,0
258,0.8375871423763122,-0.5745289792208877,0.7678160441610488,0.6428766429084464,0.2694477149798147,-2.3912174213334714,1.122886560078142,0.4897799435089026,-0.7294812246678164,-1.8138357147217057,0.3713906763541038,0
259,0.8375871423763122,-0.42839887286334327,1.544402567060459,0.47517222084269095,0.2694477149798147,0.4565051440727534,-1.3411458402979353,0.4897799435089026,-0.7294812246678164,0.5513178464199713,0.3713906763541038,1
260,0.8375871423763122,0.6920846385803987,-0.5122354702790811,0.39132000980981324,0.2694477149798147,0.4565051440727534,-1.3411458402979353,0.4897799435089026,-0.7294812246678164,0.5513178464199713,-2.6925824035672523,1
261,0.8375871423763122,-0.381979277949348,0.2554663762990225,-0.09981436909704185,0.2694477149798147,0.4565051440727534,1.122886560078142,-2.041733258482895,-0.7294812246678164,0.5513178464199713,0.3713906763541038,1
262,-1.1616640923513872,-0.19294158550353815,-0.03608263187423073,0.12778448942076903,0.2694477149798147,0.4565051440727534,-1.3411458402979353,0.4897799435089026,-0.7294812246678164,0.5513178464199713,0.3713906763541038,1
263,-1.053596458041782,-0.3102121410757368,0.02742635071881427,-0.4352232132285527,-2.6106184221768864,0.4565051440727534,-0.1091296401098966,0.4897799435089026,-0.7294812246678164,-1.8138357147217057,0.3713906763541038,1
264,-1.4858669952802035,-0.11048572611683595,0.14358526706775152,0.007995616516658047,0.2694477149798147,0.4565051440727534,1.122886560078142,0.4897799435089026,1.3708372007180443,-1.8138357147217057,0.3713906763541038,1
265,0.8375871423763122,-0.5529988381588044,0.1024525063209607,-0.6867798463271857,0.2694477149798147,0.4565051440727534,-0.1091296401098966,0.4897799435089026,-0.7294812246678164,0.5513178464199713,0.3713906763541038,1
266,-1.053596458041782,1.7157588632627163,0.2281542231631534,-0.7346953954888301,0.2694477149798147,0.4565051440727534,1.122886560078142,0.4897799435089026,-0.7294812246678164,0.5513178464199713,-2.6925824035672523,1
267,0.8375871423763122,-0.2656248985925571,-0.5122354702790811,-0.44720210051896375,0.2694477149798147,0.4565051440727534,-1.3411458402979353,0.4897799435089026,1.3708372007180443,-1.8138357147217057,0.3713906763541038,1
268,-1.053596458041782,2.1459035963966793,-0.5122354702790811,5.422452671782475,0.2694477149798147,0.4565051440727534,1.122886560078142,-2.041733258482895,-0.7294812246678164,0.5513178464199713,-2.6925824035672523,1
269,-1.1616640923513872,-0.006041637560346509,-0.5122354702790811,-0.20762435471074175,0.2694477149798147,0.4565051440727534,-0.1091296401098966,0.4897799435089026,-0.7294812246678164,0.5513178464199713,0.3713906763541038,1
270,0.8375871423763122,-0.38732363920589347,0.40650587376123837,0.09184782754953574,0.2694477149798147,0.4565051440727534,-1.3411458402979353,0.4897799435089026,-0.7294812246678164,-1.8138357147217057,0.3713906763541038,1
271,0.8375871423763122,-0.3470118857279502,0.49239107820053757,-0.6987587336175969,0.2694477149798147,0.4565051440727534,-1.3411458402979353,0.4897799435089026,1.3708372007180443,0.5513178464199713,0.3713906763541038,1
272,0.8375871423763122,-0.19309428153943944,-0.5122354702790811,-1.2378086616860964,0.2694477149798147,0.4565051440727534,1.122886560078142,-2.041733258482895,1.3708372007180443,0.5513178464199713,0.3713906763541038,1
273,-1.053596458041782,-0.6765299312029563,0.48219015353533345,-0.44720210051896375,0.2694477149798147,0.4565051440727534,-0.1091296401098966,0.4897799435089026,-0.7294812246678164,0.5513178464199713,-2.6925824035672523,0
274,-1.053596458041782,0.14802866266406556,1.8734646530347856,0.39132000980981324,0.2694477149798147,-2.3912174213334714,-0.1091296401098966,0.4897799435089026,-0.7294812246678164,0.5513178464199713,0.3713906763541038,0
275,0.8375871423763122,1.4428910471070926,-0.5122354702790811,-0.6149065225847191,0.2694477149798147,0.4565051440727534,1.122886560078142,0.4897799435089026,-0.7294812246678164,0.5513178464199713,0.3713906763541038,1
276,-1.053596458041782,1.1315438299043412,3.0969174886873314,2.4157519618892893,0.2694477149798147,0.4565051440727534,1.122886560078142,0.4897799435089026,-0.7294812246678164,0.5513178464199713,0.3713906763541038,0
277,0.8375871423763122,-0.55131918176389,0.06987535980950238,-0.6268854098751302,0.2694477149798147,0.4565051440727534,-1.3411458402979353,0.4897799435089026,-0.7294812246678164,-1.8138357147217057,0.3713906763541038,1
278,0.8375871423763122,1.6322341316247049,-0.5122354702790811,1.3496309930427013,0.2694477149798147,0.4565051440727534,-0.1091296401098966,0.4897799435089026,-0.7294812246678164,0.5513178464199713,-2.6925824035672523,1
279,-1.053596458041782,4.338924064011155,-0.5122354702790811,1.3496309930427013,0.2694477149798147,0.4565051440727534,1.122886560078142,0.4897799435089026,-0.7294812246678164,0.5513178464199713,0.3713906763541038,0
280,-1.053596458041782,1.1958288610187886,-0.5122354702790811,-1.2857242108477407,0.2694477149798147,0.4565051440727534,-0.1091296401098966,-2.041733258482895,1.3708372007180443,0.5513178464199713,0.3713906763541038,1
281,-1.053596458041782,0.01060223035289523,-0.09761724195142978,0.27153113690570224,0.2694477149798147,0.4565051440727534,-1.3411458402979353,0.4897799435089026,-0.7294812246678164,0.5513178464199713,0.3713906763541038,1
282,0.8375871423763122,0.4431901000612791,-0.5122354702790811,1.5892087388509233,0.2694477149798147,0.4565051440727534,1.122886560078142,-2.041733258482895,1.3708372007180443,0.5513178464199713,0.3713906763541038,1
283,-1.053596458041782,-0.542157419609812,-0.5122354702790811,-1.0341675777491077,0.2694477149798147,-3.161607159858609e-16,-1.3411458402979353,0.4897799435089026,-0.7294812246678164,0.5513178464199713,0.3713906763541038,0
284,0.8375871423763122,-0.1294200345685972,-0.5122354702790811,-0.42324432593814154,0.2694477149798147,0.4565051440727534,-1.3411458402979353,-2.041733258482895,-0.7294812246678164,0.5513178464199713,0.3713906763541038,0
285,-1.1616640923513872,-0.24898103067931537,0.6723880392284941,0.8225599522646129,0.2694477149798147,-2.3912174213334714,-0.1091296401098966,0.4897799435089026,-0.7294812246678164,0.5513178464199713,0.3713906763541038,0
286,0.8375871423763122,0.82493018981453,-0.5122354702790811,1.0381799234920126,0.2694477149798147,0.4565051440727534,1.122886560078142,0.4897799435089026,-0.7294812246678164,0.5513178464199713,0.3713906763541038,1
287,-1.1616640923513872,0.015488503501736842,1.0172451053295883,0.17570003858241345,0.2694477149798147,0.4565051440727534,-1.3411458402979353,0.4897799435089026,1.3708372007180443,0.5513178464199713,0.3713906763541038,1
288,0.8375871423763122,-0.3578533042769425,0.21499173972418034,-0.13575103096827515,0.2694477149798147,-2.3912174213334714,1.122886560078142,0.4897799435089026,-0.7294812246678164,0.5513178464199713,0.3713906763541038,0
289,-1.053596458041782,-0.2999815066703497,-0.1140703462501461,-0.20762435471074175,0.2694477149798147,0.4565051440727534,-1.3411458402979353,0.4897799435089026,-0.7294812246678164,0.5513178464199713,-2.6925824035672523,1
290,0.8375871423763122,-0.3731229078670726,-0.5122354702790811,-0.710737620908008,0.2694477149798147,-2.3912174213334714,1.122886560078142,0.4897799435089026,1.3708372007180443,0.5513178464199713,0.3713906763541038,0
291,-1.053596458041782,-0.3520508549126931,0.3377318977926041,0.27153113690570224,0.2694477149798147,0.4565051440727534,1.122886560078142,0.4897799435089026,-0.7294812246678164,0.5513178464199713,0.3713906763541038,0
292,0.8375871423763122,-0.2566158324743804,1.0508094380989697,0.3434044606481688,0.2694477149798147,0.4565051440727534,-0.1091296401098966,0.4897799435089026,1.3708372007180443,0.5513178464199713,0.3713906763541038,0
293,0.8375871423763122,2.3518905488275337,1.6816214569117531,3.9849861969331433,0.2694477149798147,-3.161607159858609e-16,-0.1091296401098966,0.4897799435089026,-0.7294812246678164,0.5513178464199713,0.3713906763541038,1
294,0.8375871423763122,-0.3838116303801636,-0.5122354702790811,-0.7586531700696524,0.2694477149798147,0.4565051440727534,1.122886560078142,-2.041733258482895,1.3708372007180443,0.5513178464199713,0.3713906763541038,1
295,-1.053596458041782,-0.24714867824849976,-0.5122354702790811,-0.42324432593814154,0.2694477149798147,0.4565051440727534,-1.3411458402979353,-2.041733258482895,1.3708372007180443,0.5513178464199713,0.3713906763541038,1
296,-1.1616640923513872,-0.28135259029039106,-0.5122354702790811,-0.44720210051896375,0.2694477149798147,-2.3912174213334714,-1.3411458402979353,0.4897799435089026,1.3708372007180443,0.5513178464199713,0.3713906763541038,0
297,0.8375871423763122,-0.0020715406269126995,-0.5122354702790811,0.24757336232488003,0.2694477149798147,0.4565051440727534,-0.1091296401098966,0.4897799435089026,1.3708372007180443,0.5513178464199713,0.3713906763541038,1
298,0.8375871423763122,-0.443515780417572,0.07448222901314296,-0.027941045354575252,0.2694477149798147,0.4565051440727534,-1.3411458402979353,0.4897799435089026,1.3708372007180443,0.5513178464199713,0.3713906763541038,1
299,0.8375871423763122,0.1292470502482056,-0.5122354702790811,-0.35137100219567496,0.2694477149798147,-2.3912174213334714,-1.3411458402979353,0.4897799435089026,1.3708372007180443,0.5513178464199713,0.3713906763541038,0
300,-1.4858669952802035,11.539152940901072,-0.5122354702790811,2.5475197220838113,0.2694477149798147,-2.3912174213334714,-1.3411458402979353,0.4897799435089026,-0.7294812246678164,0.5513178464199713,0.3713906763541038,0
301,0.8375871423763122,2.2500422928813664,-0.5122354702790811,6.02139703630303,2.1894918064176156,-3.161607159858609e-16,-0.1091296401098966,0.4897799435089026,1.3708372007180443,0.5513178464199713,-2.6925824035672523,1
302,0.8375871423763122,-0.3468591896920489,-0.5122354702790811,-0.5669909734230747,0.2694477149798147,0.4565051440727534,1.122886560078142,-2.041733258482895,1.3708372007180443,0.5513178464199713,0.3713906763541038,1
303,-1.053596458041782,-0.03658084474060658,-0.5122354702790811,-0.18366658012991954,0.2694477149798147,0.4565051440727534,1.122886560078142,-2.041733258482895,1.3708372007180443,-1.8138357147217057,0.3713906763541038,1
304,0.8375871423763122,-0.2947898414497055,-0.5122354702790811,-0.7945898319408856,-0.6905743307390857,0.4565051440727534,1.122886560078142,0.4897799435089026,1.3708372007180443,0.5513178464199713,0.3713906763541038,1
305,-1.1616640923513872,0.0869502483035454,-0.5122354702790811,0.6907921920700907,-1.650596376457986,0.4565051440727534,1.122886560078142,0.4897799435089026,-0.7294812246678164,0.5513178464199713,-2.6925824035672523,0
306,0.8375871423763122,0.059159569769508744,0.19853863542546402,0.43923555897145766,0.2694477149798147,0.4565051440727534,1.122886560078142,0.4897799435089026,-0.7294812246678164,0.5513178464199713,-2.6925824035672523,1
307,0.8375871423763122,-0.134917091861044,-0.5122354702790811,-0.38730766406690825,0.2694477149798147,0.4565051440727534,1.122886560078142,-2.041733258482895,1.3708372007180443,0.5513178464199713,0.3713906763541038,1
308,-1.1616640923513872,1.6940760261647316,-0.1785665151011141,0.031953391097480244,0.2694477149798147,0.4565051440727534,-1.3411458402979353,0.4897799435089026,-0.7294812246678164,0.5513178464199713,-2.6925824035672523,1
309,0.8375871423763122,0.5703858979670623,-0.5122354702790811,1.1579687963961236,0.2694477149798147,0.4565051440727534,-0.1091296401098966,0.4897799435089026,1.3708372007180443,0.5513178464199713,0.3713906763541038,0
310,0.8375871423763122,-0.0020715406269126995,-0.5122354702790811,-0.05189881993539745,2.1894918064176156,-2.3912174213334714,-0.1091296401098966,-2.041733258482895,1.3708372007180443,0.5513178464199713,0.3713906763541038,0
311,0.8375871423763122,-0.3361704671789579,0.38906558320459905,-0.44720210051896375,0.2694477149798147,0.4565051440727534,-0.1091296401098966,0.4897799435089026,1.3708372007180443,0.5513178464199713,0.3713906763541038,1
312,-1.053596458041782,-0.29769106613183016,-0.5122354702790811,0.09184782754953574,-4.914671331902247,0.4565051440727534,1.122886560078142,-2.041733258482895,1.3708372007180443,0.5513178464199713,0.3713906763541038,0
313,0.8375871423763122,-0.5039834106344869,1.681292394825779,-0.9263575921354077,-2.6106184221768864,0.4565051440727534,1.122886560078142,0.4897799435089026,-0.7294812246678164,0.5513178464199713,0.3713906763541038,0
314,0.8375871423763122,1.9444975250428642,-0.5122354702790811,-0.26751879116279725,0.2694477149798147,0.4565051440727534,-0.1091296401098966,-2.041733258482895,1.3708372007180443,-1.8138357147217057,-2.6925824035672523,1
315,-1.053596458041782,-0.42290181557089646,1.8244344022246108,1.577229851560512,-2.6106184221768864,0.4565051440727534,1.122886560078142,0.4897799435089026,-0.7294812246678164,-1.8138357147217057,0.3713906763541038,1
316,-1.053596458041782,-0.022227417365884346,-0.041676687335794285,0.16372115129200235,0.2694477149798147,-2.3912174213334714,1.122886560078142,0.4897799435089026,-0.7294812246678164,-1.8138357147217057,0.3713906763541038,1
317,0.8375871423763122,0.01060223035289523,-0.5122354702790811,-0.5070965369710192,0.2694477149798147,-2.3912174213334714,-1.3411458402979353,-2.041733258482895,-0.7294812246678164,0.5513178464199713,-2.6925824035672523,0
318,0.8375871423763122,-0.4983336573061388,0.2775135360593024,-0.38730766406690825,0.2694477149798147,0.4565051440727534,-0.1091296401098966,0.4897799435089026,-0.7294812246678164,-1.8138357147217057,0.3713906763541038,1
319,-1.1616640923513872,0.1251242572788705,-0.08445475851245672,-0.47115987509978596,0.2694477149798147,0.4565051440727534,-1.3411458402979353,0.4897799435089026,-0.7294812246678164,0.5513178464199713,-2.6925824035672523,1
320,0.8375871423763122,-0.10391979657308004,0.2554663762990225,-0.20762435471074175,0.2694477149798147,0.4565051440727534,-0.1091296401098966,0.4897799435089026,-0.7294812246678164,0.5513178464199713,0.3713906763541038,1
321,-1.1616640923513872,-0.37770378894411155,-0.5122354702790811,-0.7945898319408856,0.2694477149798147,0.4565051440727534,1.122886560078142,0.4897799435089026,-0.7294812246678164,0.5513178464199713,0.3713906763541038,1
322,-1.1616640923513872,-0.08635975244443049,1.338409701240531,0.726728853941324,0.2694477149798147,0.4565051440727534,1.122886560078142,0.4897799435089026,-0.7294812246678164,0.5513178464199713,0.3713906763541038,1
323,-1.053596458041782,0.8886044367853723,-0.5122354702790811,0.5829822064563909,0.2694477149798147,-3.161607159858609e-16,1.122886560078142,0.4897799435089026,1.3708372007180443,0.5513178464199713,0.3713906763541038,0
324,-1.053596458041782,-0.3074636124295134,0.06362318017599018,0.4631933335522798,0.2694477149798147,0.4565051440727534,-0.1091296401098966,0.4897799435089026,-0.7294812246678164,0.5513178464199713,0.3713906763541038,1
325,0.8375871423763122,0.09458505009861043,0.9135905482476754,-0.32741322761485275,-2.6106184221768864,0.4565051440727534,-0.1091296401098966,0.4897799435089026,1.3708372007180443,0.5513178464199713,-2.6925824035672523,0
326,-1.053596458041782,-0.21034893359628637,0.28606915029463487,0.12778448942076903,0.2694477149798147,-2.3912174213334714,-0.1091296401098966,0.4897799435089026,1.3708372007180443,-1.8138357147217057,-2.6925824035672523,0
327,-1.053596458041782,-0.32029007944522264,0.5572163091374799,0.12778448942076903,0.2694477149798147,0.4565051440727534,-0.1091296401098966,0.4897799435089026,-0.7294812246678164,0.5513178464199713,0.3713906763541038,1
328,-1.1616640923513872,-0.1744653651594808,0.5614941162551461,-0.17168769283950844,-2.6106184221768864,0.4565051440727534,-0.1091296401098966,0.4897799435089026,-0.7294812246678164,-1.8138357147217057,0.3713906763541038,1
329,-1.1616640923513872,1.715606167226815,-0.5122354702790811,1.5293143023988678,0.2694477149798147,0.4565051440727534,-0.1091296401098966,0.4897799435089026,-0.7294812246678164,0.5513178464199713,0.3713906763541038,1
330,0.8375871423763122,-0.472986115346523,-0.03476638353033343,-0.5430331988422525,2.1894918064176156,-2.3912174213334714,-0.1091296401098966,0.4897799435089026,1.3708372007180443,-1.8138357147217057,0.3713906763541038,0
331,0.8375871423763122,-0.40854838819617423,-0.5122354702790811,-0.9862520285874632,-0.6905743307390857,0.4565051440727534,-1.3411458402979353,0.4897799435089026,1.3708372007180443,-1.8138357147217057,0.3713906763541038,0
332,-1.1616640923513872,-0.2566158324743804,0.1732008548054409,-0.32741322761485275,0.2694477149798147,0.4565051440727534,1.122886560078142,-2.041733258482895,1.3708372007180443,0.5513178464199713,0.3713906763541038,1
333,-1.1616640923513872,-0.5429208997893186,0.10475594092278098,-0.602927635294308,0.2694477149798147,0.4565051440727534,1.122886560078142,0.4897799435089026,-0.7294812246678164,-1.8138357147217057,-2.6925824035672523,1
334,-1.4858669952802035,-0.37923074930312456,0.03532384078219811,-0.9263575921354077,-2.6106184221768864,-2.3912174213334714,-0.1091296401098966,0.4897799435089026,-0.7294812246678164,-1.8138357147217057,0.3713906763541038,0
335,0.8375871423763122,2.326543006867918,-0.5122354702790811,0.0,0.2694477149798147,0.4565051440727534,-1.3411458402979353,0.4897799435089026,-0.7294812246678164,0.5513178464199713,0.3713906763541038,0
336,0.8375871423763122,-0.4474858773510058,-0.5122354702790811,-0.962294254006641,0.2694477149798147,0.4565051440727534,-0.1091296401098966,-2.041733258482895,1.3708372007180443,0.5513178464199713,0.3713906763541038,1
337,0.8375871423763122,-0.2679153391310766,0.9030605614964969,0.29548891148652445,0.2694477149798147,0.4565051440727534,-1.3411458402979353,0.4897799435089026,1.3708372007180443,0.5513178464199713,0.3713906763541038,1
338,-1.1616640923513872,-0.49451625640860636,0.06099068348819557,-1.2258297743956852,0.2694477149798147,0.4565051440727534,1.122886560078142,0.4897799435089026,-0.7294812246678164,-1.8138357147217057,0.3713906763541038,1
339,0.8375871423763122,0.23201148240978076,-0.5122354702790811,0.33142557335775774,-2.6106184221768864,0.4565051440727534,1.122886560078142,0.4897799435089026,1.3708372007180443,0.5513178464199713,-2.6925824035672523,1
340,-1.4858669952802035,-0.42213833539138995,0.1732008548054409,-0.6268854098751302,0.2694477149798147,0.4565051440727534,-1.3411458402979353,0.4897799435089026,-0.7294812246678164,0.5513178464199713,0.3713906763541038,1
341,0.8375871423763122,-0.11415043097846717,0.11791842436175405,0.45121444626186874,0.2694477149798147,0.4565051440727534,1.122886560078142,0.4897799435089026,1.3708372007180443,0.5513178464199713,0.3713906763541038,0
342,0.8375871423763122,-0.5462802125791472,0.42230085388800603,-0.39928655135731933,0.2694477149798147,0.4565051440727534,-1.3411458402979353,0.4897799435089026,1.3708372007180443,0.5513178464199713,0.3713906763541038,0
343,0.8375871423763122,-0.5216961507990378,0.12252529356539461,-0.8784420429737634,0.2694477149798147,0.4565051440727534,-0.1091296401098966,0.4897799435089026,1.3708372007180443,0.5513178464199713,0.3713906763541038,1
344,0.8375871423763122,-0.48184248542879843,0.16793586142985167,0.0,0.2694477149798147,0.4565051440727534,-0.1091296401098966,0.4897799435089026,-0.7294812246678164,0.5513178464199713,0.3713906763541038,1
345,-1.4858669952802035,0.7189591408990276,-0.5122354702790811,1.3496309930427013,0.2694477149798147,0.4565051440727534,1.122886560078142,0.4897799435089026,-0.7294812246678164,0.5513178464199713,-2.6925824035672523,1
346,0.8375871423763122,-0.3810631017339402,-0.5122354702790811,-0.590948748003897,0.2694477149798147,0.4565051440727534,1.122886560078142,0.4897799435089026,1.3708372007180443,0.5513178464199713,0.3713906763541038,1
347,0.8375871423763122,-0.24699598221259847,-0.5122354702790811,-0.3753287767764972,-2.6106184221768864,0.4565051440727534,-0.1091296401098966,-2.041733258482895,1.3708372007180443,0.5513178464199713,0.3713906763541038,1
348,-1.4858669952802035,-0.2196633917862657,-0.5122354702790811,0.0,-2.6106184221768864,0.4565051440727534,-0.1091296401098966,0.4897799435089026,-0.7294812246678164,-1.8138357147217057,0.3713906763541038,0
349,-1.053596458041782,0.2778202931801709,0.03631102704012109,-0.44720210051896375,-9.095155876734873e-16,-2.3912174213334714,-0.1091296401098966,0.4897799435089026,-0.7294812246678164,0.5513178464199713,0.3713906763541038,0
350,0.8375871423763122,-0.11460851908617106,0.1745171031493382,0.0,0.2694477149798147,0.4565051440727534,1.122886560078142,0.4897799435089026,1.3708372007180443,0.5513178464199713,0.3713906763541038,0
351,-1.4858669952802035,2.8053977754543955,-0.5122354702790811,2.6673085949879223,0.2694477149798147,0.4565051440727534,-1.3411458402979353,0.4897799435089026,-0.7294812246678164,0.5513178464199713,0.3713906763541038,1
352,0.8375871423763122,-0.256921224546183,0.03664008912609541,-0.44720210051896375,0.2694477149798147,0.4565051440727534,1.122886560078142,0.4897799435089026,1.3708372007180443,-1.8138357147217057,0.3713906763541038,1
353,-1.1616640923513872,-0.41572510188353534,-0.12822001594704213,-0.602927635294308,0.2694477149798147,0.4565051440727534,1.122886560078142,0.4897799435089026,-0.7294812246678164,0.5513178464199713,0.3713906763541038,1
354,-1.4858669952802035,0.352641350771808,-0.5122354702790811,-0.23158212929156394,-2.6106184221768864,0.4565051440727534,-0.1091296401098966,0.4897799435089026,-0.7294812246678164,0.5513178464199713,0.3713906763541038,1
355,-1.053596458041782,-0.3871709431699922,-0.5122354702790811,-0.6268854098751302,0.2694477149798147,0.4565051440727534,1.122886560078142,0.4897799435089026,-0.7294812246678164,0.5513178464199713,-2.6925824035672523,1
356,0.8375871423763122,-0.46794714616178007,0.32062066932193917,-0.13575103096827515,0.2694477149798147,0.4565051440727534,1.122886560078142,0.4897799435089026,1.3708372007180443,0.5513178464199713,0.3713906763541038,1
357,0.8375871423763122,-0.34365257293812157,-0.5122354702790811,-0.9143787048449966,0.2694477149798147,-2.3912174213334714,-0.1091296401098966,-2.041733258482895,1.3708372007180443,0.5513178464199713,0.3713906763541038,0
358,0.8375871423763122,-0.17110605236965218,-0.5122354702790811,-0.20762435471074175,0.2694477149798147,-3.161607159858609e-16,1.122886560078142,0.4897799435089026,-0.7294812246678164,0.5513178464199713,0.3713906763541038,1
359,0.8375871423763122,0.2904940641599788,2.229838892144981,0.33142557335775774,-0.6905743307390857,-3.161607159858609e-16,-1.3411458402979353,0.4897799435089026,-0.7294812246678164,0.5513178464199713,0.3713906763541038,1
360,0.8375871423763122,-0.19309428153943944,-0.5122354702790811,-0.3753287767764972,0.2694477149798147,-2.3912174213334714,1.122886560078142,-2.041733258482895,1.3708372007180443,0.5513178464199713,0.3713906763541038,0
361,0.8375871423763122,-0.017493840252944034,-0.5122354702790811,-0.13575103096827515,0.2694477149798147,0.4565051440727534,-0.1091296401098966,0.4897799435089026,1.3708372007180443,0.5513178464199713,0.3713906763541038,1
362,0.8375871423763122,0.4431901000612791,0.7217473521246431,0.47517222084269095,0.2694477149798147,0.4565051440727534,-1.3411458402979353,0.4897799435089026,1.3708372007180443,0.5513178464199713,0.3713906763541038,1
363,0.8375871423763122,0.5577121269872544,-0.5122354702790811,0.966306599749546,0.2694477149798147,0.4565051440727534,1.122886560078142,0.4897799435089026,-0.7294812246678164,0.5513178464199713,0.3713906763541038,1
364,-1.1616640923513872,-0.3166253745835914,0.42855303352151825,-0.039919932644986354,0.2694477149798147,0.4565051440727534,-0.1091296401098966,0.4897799435089026,-0.7294812246678164,-1.8138357147217057,0.3713906763541038,1
365,-1.1616640923513872,-0.5302471288095106,-0.03312107310046179,-1.0461464650395187,-0.6905743307390857,-3.161607159858609e-16,-0.1091296401098966,0.4897799435089026,-0.7294812246678164,-1.8138357147217057,0.3713906763541038,1
366,-1.053596458041782,-0.2947898414497055,-0.15586123116888556,-0.14772991825868625,0.2694477149798147,0.4565051440727534,-0.1091296401098966,0.4897799435089026,-0.7294812246678164,-1.8138357147217057,0.3713906763541038,1
367,-1.1616640923513872,-0.037497020956014385,-0.5122354702790811,0.09184782754953574,0.2694477149798147,0.4565051440727534,1.122886560078142,0.4897799435089026,-0.7294812246678164,0.5513178464199713,0.3713906763541038,1
368,0.8375871423763122,-0.6090382833345817,-0.5122354702790811,-1.3456186472997962,0.2694477149798147,0.4565051440727534,-0.1091296401098966,0.4897799435089026,1.3708372007180443,-1.8138357147217057,0.3713906763541038,0
369,-1.053596458041782,-0.1338482196097349,-0.1078181666166339,0.12778448942076903,0.2694477149798147,0.4565051440727534,-0.1091296401098966,0.4897799435089026,-0.7294812246678164,-1.8138357147217057,0.3713906763541038,1
370,0.8375871423763122,-0.07338058939281997,-0.5122354702790811,-0.26751879116279725,0.2694477149798147,0.4565051440727534,-0.1091296401098966,0.4897799435089026,1.3708372007180443,0.5513178464199713,0.3713906763541038,1
371,-1.053596458041782,-0.4459589169919928,0.14029464620800824,-0.08783548180663076,-2.6106184221768864,0.4565051440727534,-0.1091296401098966,0.4897799435089026,-0.7294812246678164,-1.8138357147217057,0.3713906763541038,0
372,0.8375871423763122,-0.06574578759775494,-0.5122354702790811,-0.5310543115518415,0.2694477149798147,-2.3912174213334714,1.122886560078142,-2.041733258482895,1.3708372007180443,0.5513178464199713,0.3713906763541038,0
373,0.8375871423763122,-0.10621023711159953,-0.5122354702790811,-0.11179325638745295,0.2694477149798147,0.4565051440727534,-0.1091296401098966,0.4897799435089026,-0.7294812246678164,-1.8138357147217057,-2.6925824035672523,0
374,-1.053596458041782,-0.4322162737608758,-0.5122354702790811,0.15174226400159124,0.2694477149798147,0.4565051440727534,-0.1091296401098966,-2.041733258482895,1.3708372007180443,0.5513178464199713,0.3713906763541038,0
375,0.8375871423763122,-0.08300043965460188,-0.5122354702790811,-0.17168769283950844,0.2694477149798147,0.4565051440727534,-1.3411458402979353,0.4897799435089026,-0.7294812246678164,-1.8138357147217057,0.3713906763541038,0
376,0.8375871423763122,0.595122655783073,-0.5122354702790811,0.48715110813310203,-2.6106184221768864,0.4565051440727534,-1.3411458402979353,0.4897799435089026,-0.7294812246678164,0.5513178464199713,0.3713906763541038,1
377,-1.053596458041782,0.08007892668798688,1.338738763326505,2.0084697940153116,0.2694477149798147,0.4565051440727534,-0.1091296401098966,0.4897799435089026,-0.7294812246678164,0.5513178464199713,0.3713906763541038,1
378,0.8375871423763122,-0.11888400809140746,0.6667939837669306,0.0,0.2694477149798147,0.4565051440727534,1.122886560078142,0.4897799435089026,-0.7294812246678164,0.5513178464199713,0.3713906763541038,1
379,-1.1616640923513872,-0.2769244052492533,-0.5122354702790811,-0.48313876239019704,0.2694477149798147,0.4565051440727534,1.122886560078142,0.4897799435089026,1.3708372007180443,0.5513178464199713,0.3713906763541038,1
380,0.8375871423763122,0.872724049051637,-0.5122354702790811,-0.13575103096827515,0.2694477149798147,0.4565051440727534,-0.1091296401098966,0.4897799435089026,-0.7294812246678164,0.5513178464199713,0.3713906763541038,1
381,0.8375871423763122,-0.1675940435439223,0.294295702443993,-0.44720210051896375,0.2694477149798147,0.4565051440727534,-0.1091296401098966,-2.041733258482895,-0.7294812246678164,0.5513178464199713,0.3713906763541038,0
382,0.8375871423763122,-0.25478348004356477,0.03598196495414676,-0.14772991825868625,0.2694477149798147,0.4565051440727534,-1.3411458402979353,-2.041733258482895,1.3708372007180443,0.5513178464199713,0.3713906763541038,1
383,-1.4858669952802035,-0.32029007944522264,0.20051300794131,-0.20762435471074175,0.2694477149798147,-3.161607159858609e-16,1.122886560078142,0.4897799435089026,-0.7294812246678164,-1.8138357147217057,-2.6925824035672523,1
384,-1.053596458041782,0.43815113087653623,-0.5122354702790811,0.05591116567830245,-0.6905743307390857,-2.3912174213334714,1.122886560078142,0.4897799435089026,-0.7294812246678164,0.5513178464199713,0.3713906763541038,0
385,0.8375871423763122,0.0423630058203657,1.338738763326505,0.47517222084269095,0.2694477149798147,0.4565051440727534,1.122886560078142,0.4897799435089026,-0.7294812246678164,0.5513178464199713,0.3713906763541038,1
386,-1.053596458041782,0.22055927971718323,-0.5122354702790811,0.6308977556180353,0.2694477149798147,0.4565051440727534,1.122886560078142,0.4897799435089026,-0.7294812246678164,0.5513178464199713,0.3713906763541038,1
387,-1.053596458041782,-0.44886014167411753,0.1636580543121854,-0.5190754242614304,0.2694477149798147,0.4565051440727534,1.122886560078142,0.4897799435089026,-0.7294812246678164,0.5513178464199713,0.3713906763541038,1
388,0.8375871423763122,-0.27570283696204295,-0.5122354702790811,-0.47115987509978596,0.2694477149798147,0.4565051440727534,1.122886560078142,-2.041733258482895,-0.7294812246678164,0.5513178464199713,0.3713906763541038,1
389,0.8375871423763122,-0.1294200345685972,-0.5122354702790811,-0.17168769283950844,0.2694477149798147,-2.3912174213334714,1.122886560078142,-2.041733258482895,1.3708372007180443,0.5513178464199713,-2.6925824035672523,0
390,0.8375871423763122,-0.3822846700211506,0.279158846489174,-0.4352232132285527,0.2694477149798147,0.4565051440727534,1.122886560078142,0.4897799435089026,1.3708372007180443,-1.8138357147217057,0.3713906763541038,1
391,0.8375871423763122,-0.1833217352417562,-0.5122354702790811,-0.42324432593814154,0.2694477149798147,0.4565051440727534,1.122886560078142,-2.041733258482895,1.3708372007180443,0.5513178464199713,0.3713906763541038,0
392,-1.1616640923513872,0.5143464527912851,-0.5122354702790811,1.3256732184618791,0.2694477149798147,-2.3912174213334714,-0.1091296401098966,0.4897799435089026,-0.7294812246678164,0.5513178464199713,0.3713906763541038,0
393,0.8375871423763122,-0.37190133957986216,-0.5122354702790811,-1.0461464650395187,0.2694477149798147,0.4565051440727534,-0.1091296401098966,-2.041733258482895,1.3708372007180443,0.5513178464199713,0.3713906763541038,1
394,0.8375871423763122,-0.4900880713674686,-0.5122354702790811,-1.0461464650395187,0.2694477149798147,-2.3912174213334714,-0.1091296401098966,0.4897799435089026,-0.7294812246678164,0.5513178464199713,0.3713906763541038,0
395,0.8375871423763122,-0.49130963965467905,-0.14204062355796385,0.0,0.2694477149798147,0.4565051440727534,-0.1091296401098966,0.4897799435089026,-0.7294812246678164,0.5513178464199713,0.3713906763541038,1
396,0.8375871423763122,-0.23905578834573085,0.02742635071881427,0.0,0.2694477149798147,0.4565051440727534,-1.3411458402979353,0.4897799435089026,1.3708372007180443,0.5513178464199713,0.3713906763541038,1
397,0.8375871423763122,-0.06574578759775494,0.3239112901816824,0.04393227838789135,2.1894918064176156,0.4565051440727534,-1.3411458402979353,-2.041733258482895,1.3708372007180443,0.5513178464199713,0.3713906763541038,0
398,0.8375871423763122,0.06083922616442305,-0.5122354702790811,-0.11179325638745295,0.2694477149798147,0.4565051440727534,-1.3411458402979353,0.4897799435089026,-0.7294812246678164,0.5513178464199713,0.3713906763541038,1
399,0.8375871423763122,-0.32029007944522264,0.310419744656735,-0.23158212929156394,0.2694477149798147,0.4565051440727534,1.122886560078142,0.4897799435089026,-0.7294812246678164,0.5513178464199713,0.3713906763541038,1
400,-1.053596458041782,-0.3474699738356541,0.07316598066924565,-0.08783548180663076,0.2694477149798147,0.4565051440727534,1.122886560078142,0.4897799435089026,-0.7294812246678164,0.5513178464199713,0.3713906763541038,1
401,0.8375871423763122,-0.5543731024819161,-0.11308315999222313,-1.201871999814863,0.2694477149798147,0.4565051440727534,-0.1091296401098966,0.4897799435089026,1.3708372007180443,0.5513178464199713,0.3713906763541038,1
402,0.8375871423763122,-0.37755109290821026,0.4420445790464656,-0.19564546742033065,0.2694477149798147,0.4565051440727534,1.122886560078142,0.4897799435089026,-0.7294812246678164,0.5513178464199713,0.3713906763541038,1
403,-1.053596458041782,-0.3900721678521169,0.0011013838408681558,-0.6867798463271857,0.2694477149798147,0.4565051440727534,-0.1091296401098966,-2.041733258482895,1.3708372007180443,0.5513178464199713,0.3713906763541038,1
404,-1.1616640923513872,-0.18393251938536143,-0.1700109008657816,-0.44720210051896375,0.2694477149798147,0.4565051440727534,-0.1091296401098966,0.4897799435089026,-0.7294812246678164,-1.8138357147217057,0.3713906763541038,1
405,-1.053596458041782,-0.1752288453389873,0.47495078764389825,0.29548891148652445,-4.146653695327127,0.4565051440727534,-1.3411458402979353,0.4897799435089026,-0.7294812246678164,0.5513178464199713,0.3713906763541038,0
406,-1.1616640923513872,0.19383747343445565,0.06362318017599018,0.9902643743303682,-0.6905743307390857,0.4565051440727534,1.122886560078142,0.4897799435089026,-0.7294812246678164,0.5513178464199713,0.3713906763541038,1
407,-1.1616640923513872,-0.31922120719391356,0.05046069673701713,0.031953391097480244,0.2694477149798147,-2.3912174213334714,-1.3411458402979353,0.4897799435089026,-0.7294812246678164,0.5513178464199713,0.3713906763541038,0
408,0.8375871423763122,-0.4143508375604237,-0.5122354702790811,-1.0461464650395187,-2.6106184221768864,0.4565051440727534,-0.1091296401098966,0.4897799435089026,1.3708372007180443,-1.8138357147217057,0.3713906763541038,1
409,0.8375871423763122,-0.19309428153943944,-0.5122354702790811,-0.590948748003897,0.2694477149798147,-2.3912174213334714,1.122886560078142,0.4897799435089026,1.3708372007180443,0.5513178464199713,0.3713906763541038,0
410,0.8375871423763122,-0.10269822828586964,-0.5122354702790811,0.12778448942076903,2.1894918064176156,0.4565051440727534,1.122886560078142,0.4897799435089026,-0.7294812246678164,0.5513178464199713,0.3713906763541038,1
411,-1.4858669952802035,-0.2999815066703497,0.6157893604409099,0.031953391097480244,0.2694477149798147,0.4565051440727534,-1.3411458402979353,0.4897799435089026,-0.7294812246678164,0.5513178464199713,0.3713906763541038,1
412,-1.1616640923513872,0.9660213269873316,-0.5122354702790811,0.47517222084269095,-2.6106184221768864,0.4565051440727534,-0.1091296401098966,0.4897799435089026,-0.7294812246678164,0.5513178464199713,0.3713906763541038,1
413,-1.053596458041782,0.35981806445916914,-0.5122354702790811,1.1100532472344793,0.2694477149798147,0.4565051440727534,-0.1091296401098966,0.4897799435089026,-0.7294812246678164,0.5513178464199713,-2.6925824035672523,1
414,0.8375871423763122,-0.046811479145993706,-0.5122354702790811,-0.27949767845320833,-9.095155876734873e-16,-2.3912174213334714,-1.3411458402979353,0.4897799435089026,1.3708372007180443,0.5513178464199713,0.3713906763541038,0
415,-1.053596458041782,-0.23752882798671784,-0.5122354702790811,-0.962294254006641,0.2694477149798147,0.4565051440727534,-0.1091296401098966,0.4897799435089026,-0.7294812246678164,0.5513178464199713,0.3713906763541038,0
416,0.8375871423763122,-0.49130963965467905,-0.5122354702790811,-0.9742731412970521,0.2694477149798147,0.4565051440727534,-1.3411458402979353,-2.041733258482895,1.3708372007180443,-1.8138357147217057,0.3713906763541038,1
417,0.8375871423763122,0.14802866266406556,-0.5122354702790811,0.6308977556180353,0.2694477149798147,0.4565051440727534,-1.3411458402979353,0.4897799435089026,1.3708372007180443,0.5513178464199713,-2.6925824035672523,1
418,0.8375871423763122,-0.2795202378595754,-0.5122354702790811,-0.8065687192312967,0.2694477149798147,0.4565051440727534,-0.1091296401098966,0.4897799435089026,1.3708372007180443,0.5513178464199713,0.3713906763541038,0
419,0.8375871423763122,-0.33388002664043837,-0.5122354702790811,-0.8065687192312967,0.2694477149798147,0.4565051440727534,-0.1091296401098966,-2.041733258482895,1.3708372007180443,0.5513178464199713,0.3713906763541038,1
420,-1.1616640923513872,-0.3405986522200956,-0.2818920100970526,-0.9263575921354077,0.2694477149798147,0.4565051440727534,-0.1091296401098966,0.4897799435089026,-0.7294812246678164,0.5513178464199713,0.3713906763541038,1
421,-1.053596458041782,-0.5302471288095106,0.2893597711543781,-0.19564546742033065,0.2694477149798147,0.4565051440727534,-1.3411458402979353,0.4897799435089026,-0.7294812246678164,-1.8138357147217057,0.3713906763541038,1
422,-1.053596458041782,0.40333643469103975,-0.4332605696452428,1.2657787820098236,0.2694477149798147,0.4565051440727534,-0.1091296401098966,0.4897799435089026,-0.7294812246678164,0.5513178464199713,0.3713906763541038,1
423,0.8375871423763122,-0.5447532522201342,-0.16968183877980728,-0.590948748003897,0.2694477149798147,0.4565051440727534,1.122886560078142,0.4897799435089026,-0.7294812246678164,-1.8138357147217057,0.3713906763541038,1
424,-1.4858669952802035,-0.3054785639627965,-0.10090786281117305,-0.23158212929156394,0.2694477149798147,-2.3912174213334714,1.122886560078142,0.4897799435089026,-0.7294812246678164,0.5513178464199713,0.3713906763541038,0
425,0.8375871423763122,-0.3457903174407398,0.47001485635428336,-0.18366658012991954,0.2694477149798147,-3.161607159858609e-16,-1.3411458402979353,-2.041733258482895,1.3708372007180443,0.5513178464199713,0.3713906763541038,1
426,0.8375871423763122,-0.24684328617669718,-0.02423639677915498,-0.27949767845320833,-0.6905743307390857,0.4565051440727534,1.122886560078142,0.4897799435089026,-0.7294812246678164,-1.8138357147217057,0.3713906763541038,1
427,0.8375871423763122,-0.10391979657308004,-0.5122354702790811,-0.6388642971655414,0.2694477149798147,0.4565051440727534,1.122886560078142,0.4897799435089026,1.3708372007180443,0.5513178464199713,0.3713906763541038,1
428,-1.4858669952802035,0.14894483887947335,-0.5122354702790811,0.031953391097480244,0.2694477149798147,0.4565051440727534,1.122886560078142,0.4897799435089026,-0.7294812246678164,0.5513178464199713,0.3713906763541038,0
